	is_correct	label	pred
0	True	0	0
1	True	0	0
2	True	0	0
3	True	0	0
4	True	0	0
5	True	0	0
6	True	0	0
7	True	0	0
8	True	0	0
9	True	0	0
10	True	0	0
11	True	0	0
12	True	0	0
13	True	0	0
14	True	0	0
15	True	0	0
16	True	0	0
17	True	0	0
18	True	0	0
19	True	0	0
20	True	0	0
21	True	0	0
22	True	0	0
23	True	0	0
24	True	0	0
25	True	0	0
26	True	0	0
27	True	0	0
28	True	0	0
29	True	0	0
30	True	0	0
31	True	0	0
32	True	0	0
33	True	0	0
34	True	0	0
35	True	0	0
36	True	0	0
37	True	0	0
38	True	0	0
39	True	0	0
40	True	0	0
41	True	0	0
42	True	0	0
43	True	0	0
44	True	0	0
45	True	0	0
46	True	0	0
47	True	0	0
48	True	0	0
49	True	0	0
50	True	0	0
51	True	0	0
52	True	0	0
53	True	0	0
54	True	0	0
55	True	0	0
56	True	0	0
57	True	0	0
58	True	0	0
59	True	0	0
60	True	0	0
61	True	0	0
62	True	0	0
63	True	0	0
64	True	0	0
65	True	0	0
66	True	0	0
67	True	0	0
68	True	0	0
69	True	0	0
70	True	0	0
71	True	0	0
72	True	0	0
73	True	0	0
74	True	0	0
75	True	0	0
76	True	0	0
77	True	0	0
78	True	0	0
79	True	0	0
80	True	0	0
81	True	0	0
82	True	0	0
83	True	0	0
84	True	0	0
85	True	0	0
86	True	0	0
87	True	0	0
88	True	0	0
89	True	0	0
90	True	0	0
91	True	0	0
92	True	0	0
93	True	0	0
94	True	0	0
95	True	0	0
96	True	0	0
97	True	0	0
98	True	0	0
99	True	0	0
100	True	0	0
101	True	0	0
102	True	0	0
103	True	0	0
104	True	0	0
105	True	0	0
106	True	0	0
107	True	0	0
108	True	0	0
109	True	0	0
110	True	0	0
111	True	0	0
112	True	0	0
113	True	0	0
114	True	0	0
115	True	0	0
116	True	0	0
117	True	0	0
118	True	0	0
119	True	0	0
120	True	0	0
121	True	0	0
122	True	0	0
123	True	0	0
124	True	0	0
125	True	0	0
126	True	0	0
127	True	0	0
128	True	0	0
129	True	0	0
130	True	0	0
131	True	0	0
132	True	0	0
133	True	0	0
134	True	0	0
135	True	0	0
136	True	0	0
137	True	0	0
138	True	0	0
139	True	0	0
140	True	0	0
141	True	0	0
142	True	0	0
143	True	0	0
144	True	0	0
145	True	0	0
146	True	0	0
147	True	0	0
148	True	0	0
149	True	0	0
150	True	0	0
151	True	0	0
152	True	0	0
153	True	0	0
154	True	0	0
155	True	0	0
156	True	0	0
157	True	0	0
158	True	0	0
159	True	0	0
160	True	0	0
161	True	0	0
162	True	0	0
163	True	0	0
164	True	0	0
165	True	0	0
166	True	0	0
167	True	0	0
168	True	0	0
169	True	0	0
170	True	0	0
171	True	0	0
172	True	0	0
173	True	0	0
174	True	0	0
175	True	0	0
176	True	0	0
177	True	0	0
178	True	0	0
179	True	0	0
180	True	0	0
181	True	0	0
182	True	0	0
183	True	0	0
184	True	0	0
185	True	0	0
186	True	0	0
187	True	0	0
188	True	0	0
189	True	0	0
190	True	0	0
191	True	0	0
192	True	0	0
193	True	0	0
194	True	0	0
195	True	0	0
196	True	0	0
197	True	0	0
198	True	0	0
199	True	0	0
200	True	0	0
201	True	0	0
202	True	0	0
203	True	0	0
204	True	0	0
205	True	0	0
206	True	0	0
207	True	0	0
208	True	0	0
209	True	0	0
210	True	0	0
211	True	0	0
212	True	0	0
213	True	0	0
214	True	0	0
215	True	0	0
216	True	0	0
217	True	0	0
218	True	0	0
219	True	0	0
220	True	0	0
221	True	0	0
222	True	0	0
223	True	0	0
224	True	0	0
225	True	0	0
226	True	0	0
227	True	0	0
228	True	0	0
229	True	0	0
230	True	0	0
231	True	0	0
232	True	0	0
233	True	0	0
234	True	0	0
235	True	0	0
236	True	0	0
237	True	0	0
238	True	0	0
239	True	0	0
240	True	0	0
241	True	0	0
242	True	0	0
243	True	0	0
244	True	0	0
245	True	0	0
246	True	0	0
247	True	0	0
248	True	0	0
249	True	0	0
250	True	0	0
251	True	0	0
252	True	0	0
253	True	0	0
254	True	0	0
255	True	0	0
256	True	0	0
257	True	0	0
258	True	0	0
259	True	0	0
260	True	0	0
261	True	0	0
262	True	0	0
263	True	0	0
264	True	0	0
265	True	0	0
266	True	0	0
267	True	0	0
268	True	0	0
269	True	0	0
270	True	0	0
271	True	0	0
272	True	0	0
273	True	0	0
274	True	0	0
275	True	0	0
276	True	0	0
277	True	0	0
278	True	0	0
279	True	0	0
280	True	0	0
281	True	0	0
282	True	0	0
283	True	0	0
284	True	0	0
285	True	0	0
286	True	0	0
287	True	0	0
288	True	0	0
289	True	0	0
290	True	0	0
291	True	0	0
292	True	0	0
293	True	0	0
294	True	0	0
295	True	0	0
296	True	0	0
297	True	0	0
298	True	0	0
299	True	0	0
300	True	0	0
301	True	0	0
302	True	0	0
303	True	0	0
304	True	0	0
305	True	0	0
306	True	0	0
307	True	0	0
308	True	0	0
309	True	0	0
310	True	0	0
311	True	0	0
312	True	0	0
313	True	0	0
314	True	0	0
315	True	0	0
316	True	0	0
317	True	0	0
318	True	0	0
319	True	0	0
320	True	0	0
321	True	0	0
322	True	0	0
323	True	0	0
324	True	0	0
325	True	0	0
326	True	0	0
327	True	0	0
328	True	0	0
329	True	0	0
330	True	0	0
331	True	0	0
332	True	0	0
333	True	0	0
334	True	0	0
335	True	0	0
336	True	0	0
337	True	0	0
338	True	0	0
339	True	0	0
340	True	0	0
341	True	0	0
342	True	0	0
343	True	0	0
344	True	0	0
345	True	0	0
346	True	0	0
347	True	0	0
348	True	0	0
349	True	0	0
350	True	0	0
351	True	0	0
352	True	0	0
353	True	0	0
354	True	0	0
355	True	0	0
356	True	0	0
357	True	0	0
358	True	0	0
359	True	0	0
360	True	0	0
361	True	0	0
362	True	0	0
363	True	0	0
364	True	0	0
365	True	0	0
366	True	0	0
367	True	0	0
368	True	0	0
369	True	0	0
370	True	0	0
371	True	0	0
372	True	0	0
373	True	0	0
374	True	0	0
375	True	0	0
376	True	0	0
377	True	0	0
378	True	0	0
379	True	0	0
380	True	0	0
381	True	0	0
382	True	0	0
383	True	0	0
384	True	0	0
385	True	0	0
386	True	0	0
387	True	0	0
388	True	0	0
389	True	0	0
390	True	0	0
391	True	0	0
392	True	0	0
393	True	0	0
394	True	0	0
395	True	0	0
396	True	0	0
397	True	0	0
398	True	0	0
399	True	0	0
400	True	0	0
401	True	0	0
402	True	0	0
403	True	0	0
404	True	0	0
405	True	0	0
406	True	0	0
407	True	0	0
408	True	0	0
409	True	0	0
410	True	0	0
411	True	0	0
412	True	0	0
413	True	0	0
414	True	0	0
415	True	0	0
416	True	0	0
417	True	0	0
418	True	0	0
419	True	0	0
420	True	0	0
421	True	0	0
422	True	0	0
423	True	0	0
424	True	0	0
425	True	0	0
426	True	0	0
427	True	0	0
428	True	0	0
429	True	0	0
430	True	0	0
431	True	0	0
432	True	0	0
433	True	0	0
434	True	0	0
435	True	0	0
436	True	0	0
437	True	0	0
438	True	0	0
439	True	0	0
440	True	0	0
441	True	0	0
442	True	0	0
443	True	0	0
444	True	0	0
445	True	0	0
446	True	0	0
447	True	0	0
448	True	0	0
449	True	0	0
450	True	0	0
451	True	0	0
452	True	0	0
453	True	0	0
454	True	0	0
455	True	0	0
456	True	0	0
457	True	0	0
458	True	0	0
459	True	0	0
460	True	0	0
461	True	0	0
462	True	0	0
463	True	0	0
464	True	0	0
465	True	0	0
466	True	0	0
467	True	0	0
468	True	0	0
469	True	0	0
470	True	0	0
471	True	0	0
472	True	0	0
473	True	0	0
474	True	0	0
475	True	0	0
476	True	0	0
477	True	0	0
478	True	0	0
479	True	0	0
480	True	0	0
481	True	0	0
482	True	0	0
483	True	0	0
484	True	0	0
485	True	0	0
486	True	0	0
487	True	0	0
488	True	0	0
489	True	0	0
490	True	0	0
491	True	0	0
492	True	0	0
493	True	0	0
494	True	0	0
495	True	0	0
496	True	0	0
497	True	0	0
498	True	0	0
499	True	0	0
500	True	1	1
501	True	1	1
502	True	1	1
503	True	1	1
504	True	1	1
505	True	1	1
506	True	1	1
507	True	1	1
508	True	1	1
509	True	1	1
510	True	1	1
511	True	1	1
512	True	1	1
513	True	1	1
514	True	1	1
515	True	1	1
516	True	1	1
517	True	1	1
518	True	1	1
519	True	1	1
520	True	1	1
521	True	1	1
522	True	1	1
523	True	1	1
524	True	1	1
525	True	1	1
526	True	1	1
527	True	1	1
528	True	1	1
529	True	1	1
530	True	1	1
531	True	1	1
532	True	1	1
533	True	1	1
534	True	1	1
535	True	1	1
536	True	1	1
537	True	1	1
538	True	1	1
539	True	1	1
540	True	1	1
541	True	1	1
542	True	1	1
543	True	1	1
544	True	1	1
545	True	1	1
546	True	1	1
547	True	1	1
548	True	1	1
549	True	1	1
550	True	1	1
551	True	1	1
552	True	1	1
553	True	1	1
554	True	1	1
555	True	1	1
556	True	1	1
557	True	1	1
558	True	1	1
559	True	1	1
560	True	1	1
561	True	1	1
562	True	1	1
563	True	1	1
564	True	1	1
565	True	1	1
566	True	1	1
567	True	1	1
568	True	1	1
569	True	1	1
570	True	1	1
571	True	1	1
572	True	1	1
573	True	1	1
574	True	1	1
575	True	1	1
576	True	1	1
577	True	1	1
578	True	1	1
579	True	1	1
580	True	1	1
581	True	1	1
582	True	1	1
583	True	1	1
584	True	1	1
585	True	1	1
586	True	1	1
587	True	1	1
588	True	1	1
589	True	1	1
590	True	1	1
591	True	1	1
592	True	1	1
593	True	1	1
594	True	1	1
595	True	1	1
596	True	1	1
597	True	1	1
598	True	1	1
599	True	1	1
600	True	1	1
601	True	1	1
602	True	1	1
603	True	1	1
604	True	1	1
605	True	1	1
606	True	1	1
607	True	1	1
608	True	1	1
609	True	1	1
610	True	1	1
611	True	1	1
612	True	1	1
613	True	1	1
614	True	1	1
615	True	1	1
616	True	1	1
617	True	1	1
618	True	1	1
619	True	1	1
620	True	1	1
621	True	1	1
622	True	1	1
623	True	1	1
624	True	1	1
625	True	1	1
626	True	1	1
627	True	1	1
628	True	1	1
629	True	1	1
630	True	1	1
631	True	1	1
632	True	1	1
633	True	1	1
634	True	1	1
635	True	1	1
636	True	1	1
637	True	1	1
638	True	1	1
639	True	1	1
640	True	1	1
641	True	1	1
642	True	1	1
643	True	1	1
644	True	1	1
645	True	1	1
646	True	1	1
647	True	1	1
648	True	1	1
649	True	1	1
650	True	1	1
651	True	1	1
652	True	1	1
653	True	1	1
654	True	1	1
655	True	1	1
656	True	1	1
657	True	1	1
658	True	1	1
659	True	1	1
660	True	1	1
661	True	1	1
662	True	1	1
663	True	1	1
664	True	1	1
665	True	1	1
666	True	1	1
667	True	1	1
668	True	1	1
669	True	1	1
670	True	1	1
671	True	1	1
672	True	1	1
673	True	1	1
674	True	1	1
675	True	1	1
676	True	1	1
677	True	1	1
678	True	1	1
679	True	1	1
680	True	1	1
681	True	1	1
682	True	1	1
683	True	1	1
684	True	1	1
685	True	1	1
686	True	1	1
687	True	1	1
688	True	1	1
689	True	1	1
690	True	1	1
691	True	1	1
692	True	1	1
693	True	1	1
694	True	1	1
695	True	1	1
696	True	1	1
697	True	1	1
698	True	1	1
699	True	1	1
700	True	1	1
701	True	1	1
702	True	1	1
703	True	1	1
704	True	1	1
705	True	1	1
706	True	1	1
707	True	1	1
708	True	1	1
709	True	1	1
710	True	1	1
711	True	1	1
712	True	1	1
713	True	1	1
714	True	1	1
715	True	1	1
716	True	1	1
717	True	1	1
718	True	1	1
719	True	1	1
720	True	1	1
721	True	1	1
722	True	1	1
723	True	1	1
724	True	1	1
725	True	1	1
726	True	1	1
727	True	1	1
728	True	1	1
729	True	1	1
730	True	1	1
731	True	1	1
732	True	1	1
733	True	1	1
734	True	1	1
735	True	1	1
736	True	1	1
737	True	1	1
738	True	1	1
739	True	1	1
740	True	1	1
741	True	1	1
742	True	1	1
743	True	1	1
744	True	1	1
745	True	1	1
746	True	1	1
747	True	1	1
748	True	1	1
749	True	1	1
750	True	1	1
751	True	1	1
752	True	1	1
753	True	1	1
754	True	1	1
755	True	1	1
756	True	1	1
757	True	1	1
758	True	1	1
759	True	1	1
760	True	1	1
761	True	1	1
762	True	1	1
763	True	1	1
764	True	1	1
765	True	1	1
766	True	1	1
767	True	1	1
768	True	1	1
769	True	1	1
770	True	1	1
771	True	1	1
772	True	1	1
773	True	1	1
774	True	1	1
775	True	1	1
776	True	1	1
777	True	1	1
778	True	1	1
779	True	1	1
780	True	1	1
781	True	1	1
782	True	1	1
783	True	1	1
784	True	1	1
785	True	1	1
786	True	1	1
787	True	1	1
788	True	1	1
789	True	1	1
790	True	1	1
791	True	1	1
792	True	1	1
793	True	1	1
794	True	1	1
795	True	1	1
796	True	1	1
797	True	1	1
798	True	1	1
799	True	1	1
800	True	1	1
801	True	1	1
802	True	1	1
803	True	1	1
804	True	1	1
805	True	1	1
806	True	1	1
807	True	1	1
808	True	1	1
809	True	1	1
810	True	1	1
811	True	1	1
812	True	1	1
813	True	1	1
814	True	1	1
815	True	1	1
816	True	1	1
817	True	1	1
818	True	1	1
819	True	1	1
820	True	1	1
821	True	1	1
822	True	1	1
823	True	1	1
824	True	1	1
825	True	1	1
826	True	1	1
827	True	1	1
828	True	1	1
829	True	1	1
830	True	1	1
831	True	1	1
832	True	1	1
833	True	1	1
834	True	1	1
835	True	1	1
836	True	1	1
837	True	1	1
838	True	1	1
839	True	1	1
840	True	1	1
841	True	1	1
842	True	1	1
843	True	1	1
844	True	1	1
845	True	1	1
846	True	1	1
847	True	1	1
848	True	1	1
849	True	1	1
850	True	1	1
851	True	1	1
852	True	1	1
853	True	1	1
854	True	1	1
855	True	1	1
856	True	1	1
857	True	1	1
858	True	1	1
859	True	1	1
860	True	1	1
861	True	1	1
862	True	1	1
863	True	1	1
864	True	1	1
865	True	1	1
866	True	1	1
867	True	1	1
868	True	1	1
869	True	1	1
870	True	1	1
871	True	1	1
872	True	1	1
873	True	1	1
874	True	1	1
875	True	1	1
876	True	1	1
877	True	1	1
878	True	1	1
879	True	1	1
880	True	1	1
881	True	1	1
882	True	1	1
883	True	1	1
884	True	1	1
885	True	1	1
886	True	1	1
887	True	1	1
888	True	1	1
889	True	1	1
890	True	1	1
891	True	1	1
892	True	1	1
893	True	1	1
894	True	1	1
895	True	1	1
896	True	1	1
897	True	1	1
898	True	1	1
899	True	1	1
900	True	1	1
901	True	1	1
902	True	1	1
903	True	1	1
904	True	1	1
905	True	1	1
906	True	1	1
907	True	1	1
908	True	1	1
909	True	1	1
910	True	1	1
911	True	1	1
912	True	1	1
913	True	1	1
914	True	1	1
915	True	1	1
916	True	1	1
917	True	1	1
918	True	1	1
919	True	1	1
920	True	1	1
921	True	1	1
922	True	1	1
923	True	1	1
924	True	1	1
925	True	1	1
926	True	1	1
927	True	1	1
928	True	1	1
929	True	1	1
930	True	1	1
931	True	1	1
932	True	1	1
933	True	1	1
934	True	1	1
935	True	1	1
936	True	1	1
937	True	1	1
938	True	1	1
939	True	1	1
940	True	1	1
941	True	1	1
942	True	1	1
943	True	1	1
944	True	1	1
945	True	1	1
946	True	1	1
947	True	1	1
948	True	1	1
949	True	1	1
950	True	1	1
951	True	1	1
952	True	1	1
953	True	1	1
954	True	1	1
955	True	1	1
956	True	1	1
957	True	1	1
958	True	1	1
959	True	1	1
960	True	1	1
961	True	1	1
962	True	1	1
963	True	1	1
964	True	1	1
965	True	1	1
966	True	1	1
967	True	1	1
968	True	1	1
969	True	1	1
970	True	1	1
971	True	1	1
972	True	1	1
973	True	1	1
974	True	1	1
975	True	1	1
976	True	1	1
977	True	1	1
978	True	1	1
979	True	1	1
980	True	1	1
981	True	1	1
982	True	1	1
983	True	1	1
984	True	1	1
985	True	1	1
986	True	1	1
987	True	1	1
988	True	1	1
989	True	1	1
990	True	1	1
991	True	1	1
992	True	1	1
993	True	1	1
994	True	1	1
995	True	1	1
996	True	1	1
997	True	1	1
998	True	1	1
999	True	1	1
1000	True	2	2
1001	True	2	2
1002	True	2	2
1003	True	2	2
1004	True	2	2
1005	True	2	2
1006	True	2	2
1007	True	2	2
1008	True	2	2
1009	True	2	2
1010	True	2	2
1011	True	2	2
1012	True	2	2
1013	True	2	2
1014	True	2	2
1015	True	2	2
1016	True	2	2
1017	True	2	2
1018	True	2	2
1019	True	2	2
1020	True	2	2
1021	True	2	2
1022	True	2	2
1023	True	2	2
1024	True	2	2
1025	True	2	2
1026	True	2	2
1027	True	2	2
1028	True	2	2
1029	True	2	2
1030	True	2	2
1031	True	2	2
1032	True	2	2
1033	True	2	2
1034	True	2	2
1035	True	2	2
1036	True	2	2
1037	True	2	2
1038	True	2	2
1039	True	2	2
1040	True	2	2
1041	True	2	2
1042	True	2	2
1043	True	2	2
1044	True	2	2
1045	True	2	2
1046	True	2	2
1047	True	2	2
1048	True	2	2
1049	True	2	2
1050	True	2	2
1051	True	2	2
1052	True	2	2
1053	True	2	2
1054	True	2	2
1055	True	2	2
1056	True	2	2
1057	True	2	2
1058	True	2	2
1059	True	2	2
1060	True	2	2
1061	True	2	2
1062	True	2	2
1063	True	2	2
1064	True	2	2
1065	True	2	2
1066	True	2	2
1067	True	2	2
1068	True	2	2
1069	True	2	2
1070	True	2	2
1071	True	2	2
1072	True	2	2
1073	True	2	2
1074	True	2	2
1075	True	2	2
1076	True	2	2
1077	True	2	2
1078	True	2	2
1079	True	2	2
1080	True	2	2
1081	True	2	2
1082	True	2	2
1083	True	2	2
1084	True	2	2
1085	True	2	2
1086	True	2	2
1087	True	2	2
1088	True	2	2
1089	True	2	2
1090	True	2	2
1091	True	2	2
1092	True	2	2
1093	True	2	2
1094	True	2	2
1095	True	2	2
1096	True	2	2
1097	True	2	2
1098	True	2	2
1099	True	2	2
1100	True	2	2
1101	True	2	2
1102	True	2	2
1103	True	2	2
1104	True	2	2
1105	True	2	2
1106	True	2	2
1107	True	2	2
1108	True	2	2
1109	True	2	2
1110	True	2	2
1111	True	2	2
1112	True	2	2
1113	True	2	2
1114	True	2	2
1115	True	2	2
1116	True	2	2
1117	True	2	2
1118	True	2	2
1119	True	2	2
1120	True	2	2
1121	True	2	2
1122	True	2	2
1123	True	2	2
1124	True	2	2
1125	True	2	2
1126	True	2	2
1127	True	2	2
1128	True	2	2
1129	True	2	2
1130	True	2	2
1131	True	2	2
1132	True	2	2
1133	True	2	2
1134	True	2	2
1135	True	2	2
1136	True	2	2
1137	True	2	2
1138	True	2	2
1139	True	2	2
1140	True	2	2
1141	True	2	2
1142	True	2	2
1143	True	2	2
1144	True	2	2
1145	True	2	2
1146	True	2	2
1147	True	2	2
1148	True	2	2
1149	True	2	2
1150	True	2	2
1151	True	2	2
1152	True	2	2
1153	True	2	2
1154	True	2	2
1155	True	2	2
1156	True	2	2
1157	True	2	2
1158	True	2	2
1159	True	2	2
1160	True	2	2
1161	True	2	2
1162	True	2	2
1163	True	2	2
1164	True	2	2
1165	True	2	2
1166	True	2	2
1167	True	2	2
1168	True	2	2
1169	True	2	2
1170	True	2	2
1171	True	2	2
1172	True	2	2
1173	True	2	2
1174	True	2	2
1175	True	2	2
1176	True	2	2
1177	True	2	2
1178	True	2	2
1179	True	2	2
1180	True	2	2
1181	True	2	2
1182	True	2	2
1183	True	2	2
1184	True	2	2
1185	True	2	2
1186	True	2	2
1187	True	2	2
1188	True	2	2
1189	True	2	2
1190	True	2	2
1191	True	2	2
1192	True	2	2
1193	True	2	2
1194	True	2	2
1195	True	2	2
1196	True	2	2
1197	True	2	2
1198	True	2	2
1199	True	2	2
1200	True	2	2
1201	True	2	2
1202	True	2	2
1203	True	2	2
1204	True	2	2
1205	True	2	2
1206	True	2	2
1207	True	2	2
1208	True	2	2
1209	True	2	2
1210	True	2	2
1211	True	2	2
1212	True	2	2
1213	True	2	2
1214	True	2	2
1215	True	2	2
1216	True	2	2
1217	True	2	2
1218	True	2	2
1219	True	2	2
1220	True	2	2
1221	True	2	2
1222	True	2	2
1223	True	2	2
1224	True	2	2
1225	True	2	2
1226	True	2	2
1227	True	2	2
1228	True	2	2
1229	True	2	2
1230	True	2	2
1231	True	2	2
1232	True	2	2
1233	True	2	2
1234	True	2	2
1235	True	2	2
1236	True	2	2
1237	True	2	2
1238	True	2	2
1239	True	2	2
1240	True	2	2
1241	True	2	2
1242	True	2	2
1243	True	2	2
1244	True	2	2
1245	True	2	2
1246	True	2	2
1247	True	2	2
1248	True	2	2
1249	True	2	2
1250	True	2	2
1251	True	2	2
1252	True	2	2
1253	True	2	2
1254	True	2	2
1255	True	2	2
1256	True	2	2
1257	True	2	2
1258	True	2	2
1259	True	2	2
1260	True	2	2
1261	True	2	2
1262	True	2	2
1263	True	2	2
1264	True	2	2
1265	True	2	2
1266	True	2	2
1267	True	2	2
1268	True	2	2
1269	True	2	2
1270	True	2	2
1271	True	2	2
1272	True	2	2
1273	True	2	2
1274	True	2	2
1275	True	2	2
1276	True	2	2
1277	True	2	2
1278	True	2	2
1279	True	2	2
1280	True	2	2
1281	True	2	2
1282	True	2	2
1283	True	2	2
1284	True	2	2
1285	True	2	2
1286	True	2	2
1287	True	2	2
1288	True	2	2
1289	True	2	2
1290	True	2	2
1291	True	2	2
1292	True	2	2
1293	True	2	2
1294	True	2	2
1295	True	2	2
1296	True	2	2
1297	True	2	2
1298	True	2	2
1299	True	2	2
1300	True	2	2
1301	True	2	2
1302	True	2	2
1303	True	2	2
1304	True	2	2
1305	True	2	2
1306	True	2	2
1307	True	2	2
1308	True	2	2
1309	True	2	2
1310	True	2	2
1311	True	2	2
1312	True	2	2
1313	True	2	2
1314	True	2	2
1315	True	2	2
1316	True	2	2
1317	True	2	2
1318	True	2	2
1319	True	2	2
1320	True	2	2
1321	True	2	2
1322	True	2	2
1323	True	2	2
1324	True	2	2
1325	True	2	2
1326	True	2	2
1327	True	2	2
1328	True	2	2
1329	True	2	2
1330	True	2	2
1331	True	2	2
1332	True	2	2
1333	True	2	2
1334	True	2	2
1335	True	2	2
1336	True	2	2
1337	True	2	2
1338	True	2	2
1339	True	2	2
1340	True	2	2
1341	True	2	2
1342	True	2	2
1343	True	2	2
1344	True	2	2
1345	True	2	2
1346	True	2	2
1347	True	2	2
1348	True	2	2
1349	True	2	2
1350	True	2	2
1351	True	2	2
1352	True	2	2
1353	True	2	2
1354	True	2	2
1355	True	2	2
1356	True	2	2
1357	True	2	2
1358	True	2	2
1359	True	2	2
1360	True	2	2
1361	True	2	2
1362	True	2	2
1363	True	2	2
1364	True	2	2
1365	True	2	2
1366	True	2	2
1367	True	2	2
1368	True	2	2
1369	True	2	2
1370	True	2	2
1371	True	2	2
1372	True	2	2
1373	True	2	2
1374	True	2	2
1375	True	2	2
1376	True	2	2
1377	True	2	2
1378	True	2	2
1379	True	2	2
1380	True	2	2
1381	True	2	2
1382	True	2	2
1383	True	2	2
1384	True	2	2
1385	True	2	2
1386	True	2	2
1387	True	2	2
1388	True	2	2
1389	True	2	2
1390	True	2	2
1391	True	2	2
1392	True	2	2
1393	True	2	2
1394	True	2	2
1395	True	2	2
1396	True	2	2
1397	True	2	2
1398	True	2	2
1399	True	2	2
1400	True	2	2
1401	True	2	2
1402	True	2	2
1403	True	2	2
1404	True	2	2
1405	True	2	2
1406	True	2	2
1407	True	2	2
1408	True	2	2
1409	True	2	2
1410	True	2	2
1411	True	2	2
1412	True	2	2
1413	True	2	2
1414	True	2	2
1415	True	2	2
1416	True	2	2
1417	True	2	2
1418	True	2	2
1419	True	2	2
1420	True	2	2
1421	True	2	2
1422	True	2	2
1423	True	2	2
1424	True	2	2
1425	True	2	2
1426	True	2	2
1427	True	2	2
1428	True	2	2
1429	True	2	2
1430	True	2	2
1431	True	2	2
1432	True	2	2
1433	True	2	2
1434	True	2	2
1435	True	2	2
1436	True	2	2
1437	True	2	2
1438	True	2	2
1439	True	2	2
1440	True	2	2
1441	True	2	2
1442	True	2	2
1443	True	2	2
1444	True	2	2
1445	True	2	2
1446	True	2	2
1447	True	2	2
1448	True	2	2
1449	True	2	2
1450	True	2	2
1451	True	2	2
1452	True	2	2
1453	True	2	2
1454	True	2	2
1455	True	2	2
1456	True	2	2
1457	True	2	2
1458	True	2	2
1459	True	2	2
1460	True	2	2
1461	True	2	2
1462	True	2	2
1463	True	2	2
1464	True	2	2
1465	True	2	2
1466	True	2	2
1467	True	2	2
1468	True	2	2
1469	True	2	2
1470	True	2	2
1471	True	2	2
1472	True	2	2
1473	True	2	2
1474	True	2	2
1475	True	2	2
1476	True	2	2
1477	True	2	2
1478	True	2	2
1479	True	2	2
1480	True	2	2
1481	True	2	2
1482	True	2	2
1483	True	2	2
1484	True	2	2
1485	True	2	2
1486	True	2	2
1487	True	2	2
1488	True	2	2
1489	True	2	2
1490	True	2	2
1491	True	2	2
1492	True	2	2
1493	True	2	2
1494	True	2	2
1495	True	2	2
1496	True	2	2
1497	True	2	2
1498	True	2	2
1499	True	2	2
1500	True	3	3
1501	True	3	3
1502	True	3	3
1503	True	3	3
1504	True	3	3
1505	True	3	3
1506	True	3	3
1507	True	3	3
1508	True	3	3
1509	True	3	3
1510	True	3	3
1511	True	3	3
1512	True	3	3
1513	True	3	3
1514	True	3	3
1515	True	3	3
1516	True	3	3
1517	True	3	3
1518	True	3	3
1519	True	3	3
1520	True	3	3
1521	True	3	3
1522	True	3	3
1523	True	3	3
1524	True	3	3
1525	True	3	3
1526	True	3	3
1527	True	3	3
1528	True	3	3
1529	True	3	3
1530	True	3	3
1531	True	3	3
1532	True	3	3
1533	True	3	3
1534	True	3	3
1535	True	3	3
1536	True	3	3
1537	True	3	3
1538	True	3	3
1539	True	3	3
1540	True	3	3
1541	True	3	3
1542	True	3	3
1543	True	3	3
1544	True	3	3
1545	True	3	3
1546	True	3	3
1547	True	3	3
1548	True	3	3
1549	True	3	3
1550	True	3	3
1551	True	3	3
1552	True	3	3
1553	True	3	3
1554	True	3	3
1555	True	3	3
1556	True	3	3
1557	True	3	3
1558	True	3	3
1559	True	3	3
1560	True	3	3
1561	True	3	3
1562	True	3	3
1563	True	3	3
1564	True	3	3
1565	True	3	3
1566	True	3	3
1567	True	3	3
1568	True	3	3
1569	True	3	3
1570	True	3	3
1571	True	3	3
1572	True	3	3
1573	True	3	3
1574	True	3	3
1575	True	3	3
1576	True	3	3
1577	True	3	3
1578	True	3	3
1579	True	3	3
1580	True	3	3
1581	True	3	3
1582	True	3	3
1583	True	3	3
1584	True	3	3
1585	True	3	3
1586	True	3	3
1587	True	3	3
1588	True	3	3
1589	True	3	3
1590	True	3	3
1591	True	3	3
1592	True	3	3
1593	True	3	3
1594	True	3	3
1595	True	3	3
1596	True	3	3
1597	True	3	3
1598	True	3	3
1599	True	3	3
1600	True	3	3
1601	True	3	3
1602	True	3	3
1603	True	3	3
1604	True	3	3
1605	True	3	3
1606	True	3	3
1607	True	3	3
1608	True	3	3
1609	True	3	3
1610	True	3	3
1611	True	3	3
1612	True	3	3
1613	True	3	3
1614	True	3	3
1615	True	3	3
1616	True	3	3
1617	True	3	3
1618	True	3	3
1619	True	3	3
1620	True	3	3
1621	True	3	3
1622	True	3	3
1623	True	3	3
1624	True	3	3
1625	True	3	3
1626	True	3	3
1627	True	3	3
1628	True	3	3
1629	True	3	3
1630	True	3	3
1631	True	3	3
1632	True	3	3
1633	True	3	3
1634	True	3	3
1635	True	3	3
1636	True	3	3
1637	True	3	3
1638	True	3	3
1639	True	3	3
1640	True	3	3
1641	True	3	3
1642	True	3	3
1643	True	3	3
1644	True	3	3
1645	True	3	3
1646	True	3	3
1647	True	3	3
1648	True	3	3
1649	True	3	3
1650	True	3	3
1651	True	3	3
1652	True	3	3
1653	True	3	3
1654	True	3	3
1655	True	3	3
1656	True	3	3
1657	True	3	3
1658	True	3	3
1659	True	3	3
1660	True	3	3
1661	True	3	3
1662	True	3	3
1663	True	3	3
1664	True	3	3
1665	True	3	3
1666	True	3	3
1667	True	3	3
1668	True	3	3
1669	True	3	3
1670	True	3	3
1671	True	3	3
1672	True	3	3
1673	True	3	3
1674	True	3	3
1675	True	3	3
1676	True	3	3
1677	True	3	3
1678	True	3	3
1679	True	3	3
1680	True	3	3
1681	True	3	3
1682	True	3	3
1683	True	3	3
1684	True	3	3
1685	True	3	3
1686	True	3	3
1687	True	3	3
1688	True	3	3
1689	True	3	3
1690	True	3	3
1691	True	3	3
1692	True	3	3
1693	True	3	3
1694	True	3	3
1695	True	3	3
1696	True	3	3
1697	True	3	3
1698	True	3	3
1699	True	3	3
1700	True	3	3
1701	True	3	3
1702	True	3	3
1703	True	3	3
1704	True	3	3
1705	True	3	3
1706	True	3	3
1707	True	3	3
1708	True	3	3
1709	True	3	3
1710	True	3	3
1711	True	3	3
1712	True	3	3
1713	True	3	3
1714	True	3	3
1715	True	3	3
1716	True	3	3
1717	True	3	3
1718	True	3	3
1719	True	3	3
1720	True	3	3
1721	True	3	3
1722	True	3	3
1723	True	3	3
1724	True	3	3
1725	True	3	3
1726	True	3	3
1727	True	3	3
1728	True	3	3
1729	True	3	3
1730	True	3	3
1731	True	3	3
1732	True	3	3
1733	True	3	3
1734	True	3	3
1735	True	3	3
1736	True	3	3
1737	True	3	3
1738	True	3	3
1739	True	3	3
1740	True	3	3
1741	True	3	3
1742	True	3	3
1743	True	3	3
1744	True	3	3
1745	True	3	3
1746	True	3	3
1747	True	3	3
1748	True	3	3
1749	True	3	3
1750	True	3	3
1751	True	3	3
1752	True	3	3
1753	True	3	3
1754	True	3	3
1755	True	3	3
1756	True	3	3
1757	True	3	3
1758	True	3	3
1759	True	3	3
1760	True	3	3
1761	True	3	3
1762	True	3	3
1763	True	3	3
1764	True	3	3
1765	True	3	3
1766	True	3	3
1767	True	3	3
1768	True	3	3
1769	True	3	3
1770	True	3	3
1771	True	3	3
1772	True	3	3
1773	True	3	3
1774	True	3	3
1775	True	3	3
1776	True	3	3
1777	True	3	3
1778	True	3	3
1779	True	3	3
1780	True	3	3
1781	True	3	3
1782	True	3	3
1783	True	3	3
1784	True	3	3
1785	True	3	3
1786	True	3	3
1787	True	3	3
1788	True	3	3
1789	True	3	3
1790	True	3	3
1791	True	3	3
1792	True	3	3
1793	True	3	3
1794	True	3	3
1795	True	3	3
1796	True	3	3
1797	True	3	3
1798	True	3	3
1799	True	3	3
1800	True	3	3
1801	True	3	3
1802	True	3	3
1803	True	3	3
1804	True	3	3
1805	True	3	3
1806	True	3	3
1807	True	3	3
1808	True	3	3
1809	True	3	3
1810	True	3	3
1811	True	3	3
1812	True	3	3
1813	True	3	3
1814	True	3	3
1815	True	3	3
1816	True	3	3
1817	True	3	3
1818	True	3	3
1819	True	3	3
1820	True	3	3
1821	True	3	3
1822	True	3	3
1823	True	3	3
1824	True	3	3
1825	True	3	3
1826	True	3	3
1827	True	3	3
1828	True	3	3
1829	True	3	3
1830	True	3	3
1831	True	3	3
1832	True	3	3
1833	True	3	3
1834	True	3	3
1835	True	3	3
1836	True	3	3
1837	True	3	3
1838	True	3	3
1839	True	3	3
1840	True	3	3
1841	True	3	3
1842	True	3	3
1843	True	3	3
1844	True	3	3
1845	True	3	3
1846	True	3	3
1847	True	3	3
1848	True	3	3
1849	True	3	3
1850	True	3	3
1851	True	3	3
1852	True	3	3
1853	True	3	3
1854	True	3	3
1855	True	3	3
1856	True	3	3
1857	True	3	3
1858	True	3	3
1859	True	3	3
1860	True	3	3
1861	True	3	3
1862	True	3	3
1863	True	3	3
1864	True	3	3
1865	True	3	3
1866	True	3	3
1867	True	3	3
1868	True	3	3
1869	True	3	3
1870	True	3	3
1871	True	3	3
1872	True	3	3
1873	True	3	3
1874	True	3	3
1875	True	3	3
1876	True	3	3
1877	True	3	3
1878	True	3	3
1879	True	3	3
1880	True	3	3
1881	True	3	3
1882	True	3	3
1883	True	3	3
1884	True	3	3
1885	True	3	3
1886	True	3	3
1887	True	3	3
1888	True	3	3
1889	True	3	3
1890	True	3	3
1891	True	3	3
1892	True	3	3
1893	True	3	3
1894	True	3	3
1895	True	3	3
1896	True	3	3
1897	True	3	3
1898	True	3	3
1899	True	3	3
1900	True	3	3
1901	True	3	3
1902	True	3	3
1903	True	3	3
1904	True	3	3
1905	True	3	3
1906	True	3	3
1907	True	3	3
1908	True	3	3
1909	True	3	3
1910	True	3	3
1911	True	3	3
1912	True	3	3
1913	True	3	3
1914	True	3	3
1915	True	3	3
1916	True	3	3
1917	True	3	3
1918	True	3	3
1919	True	3	3
1920	True	3	3
1921	True	3	3
1922	True	3	3
1923	True	3	3
1924	True	3	3
1925	True	3	3
1926	True	3	3
1927	True	3	3
1928	True	3	3
1929	True	3	3
1930	True	3	3
1931	True	3	3
1932	True	3	3
1933	True	3	3
1934	True	3	3
1935	True	3	3
1936	True	3	3
1937	True	3	3
1938	True	3	3
1939	True	3	3
1940	True	3	3
1941	True	3	3
1942	True	3	3
1943	True	3	3
1944	True	3	3
1945	True	3	3
1946	True	3	3
1947	True	3	3
1948	True	3	3
1949	True	3	3
1950	True	3	3
1951	True	3	3
1952	True	3	3
1953	True	3	3
1954	True	3	3
1955	True	3	3
1956	True	3	3
1957	True	3	3
1958	True	3	3
1959	True	3	3
1960	True	3	3
1961	True	3	3
1962	True	3	3
1963	True	3	3
1964	True	3	3
1965	True	3	3
1966	True	3	3
1967	True	3	3
1968	True	3	3
1969	True	3	3
1970	True	3	3
1971	True	3	3
1972	True	3	3
1973	True	3	3
1974	True	3	3
1975	True	3	3
1976	True	3	3
1977	True	3	3
1978	True	3	3
1979	True	3	3
1980	True	3	3
1981	True	3	3
1982	True	3	3
1983	True	3	3
1984	True	3	3
1985	True	3	3
1986	True	3	3
1987	True	3	3
1988	True	3	3
1989	True	3	3
1990	True	3	3
1991	True	3	3
1992	True	3	3
1993	True	3	3
1994	True	3	3
1995	True	3	3
1996	True	3	3
1997	True	3	3
1998	True	3	3
1999	True	3	3
2000	True	4	4
2001	True	4	4
2002	True	4	4
2003	True	4	4
2004	True	4	4
2005	True	4	4
2006	True	4	4
2007	True	4	4
2008	True	4	4
2009	True	4	4
2010	True	4	4
2011	True	4	4
2012	True	4	4
2013	True	4	4
2014	True	4	4
2015	True	4	4
2016	True	4	4
2017	True	4	4
2018	True	4	4
2019	True	4	4
2020	True	4	4
2021	True	4	4
2022	True	4	4
2023	True	4	4
2024	True	4	4
2025	True	4	4
2026	True	4	4
2027	True	4	4
2028	True	4	4
2029	True	4	4
2030	True	4	4
2031	True	4	4
2032	True	4	4
2033	True	4	4
2034	True	4	4
2035	True	4	4
2036	True	4	4
2037	True	4	4
2038	True	4	4
2039	True	4	4
2040	True	4	4
2041	True	4	4
2042	True	4	4
2043	True	4	4
2044	True	4	4
2045	True	4	4
2046	True	4	4
2047	True	4	4
2048	True	4	4
2049	True	4	4
2050	True	4	4
2051	True	4	4
2052	True	4	4
2053	True	4	4
2054	True	4	4
2055	True	4	4
2056	True	4	4
2057	True	4	4
2058	True	4	4
2059	True	4	4
2060	True	4	4
2061	True	4	4
2062	True	4	4
2063	True	4	4
2064	True	4	4
2065	True	4	4
2066	True	4	4
2067	True	4	4
2068	True	4	4
2069	True	4	4
2070	True	4	4
2071	True	4	4
2072	True	4	4
2073	True	4	4
2074	True	4	4
2075	True	4	4
2076	True	4	4
2077	True	4	4
2078	True	4	4
2079	True	4	4
2080	True	4	4
2081	True	4	4
2082	True	4	4
2083	True	4	4
2084	True	4	4
2085	True	4	4
2086	True	4	4
2087	True	4	4
2088	True	4	4
2089	True	4	4
2090	True	4	4
2091	True	4	4
2092	True	4	4
2093	True	4	4
2094	True	4	4
2095	True	4	4
2096	True	4	4
2097	True	4	4
2098	True	4	4
2099	True	4	4
2100	True	4	4
2101	True	4	4
2102	True	4	4
2103	True	4	4
2104	True	4	4
2105	True	4	4
2106	True	4	4
2107	True	4	4
2108	True	4	4
2109	True	4	4
2110	True	4	4
2111	True	4	4
2112	True	4	4
2113	True	4	4
2114	True	4	4
2115	True	4	4
2116	True	4	4
2117	True	4	4
2118	True	4	4
2119	True	4	4
2120	True	4	4
2121	True	4	4
2122	True	4	4
2123	True	4	4
2124	True	4	4
2125	True	4	4
2126	True	4	4
2127	True	4	4
2128	True	4	4
2129	True	4	4
2130	True	4	4
2131	True	4	4
2132	True	4	4
2133	True	4	4
2134	True	4	4
2135	True	4	4
2136	True	4	4
2137	True	4	4
2138	True	4	4
2139	True	4	4
2140	True	4	4
2141	True	4	4
2142	True	4	4
2143	True	4	4
2144	True	4	4
2145	True	4	4
2146	True	4	4
2147	True	4	4
2148	True	4	4
2149	True	4	4
2150	True	4	4
2151	True	4	4
2152	True	4	4
2153	True	4	4
2154	True	4	4
2155	True	4	4
2156	True	4	4
2157	True	4	4
2158	True	4	4
2159	True	4	4
2160	True	4	4
2161	True	4	4
2162	True	4	4
2163	True	4	4
2164	True	4	4
2165	True	4	4
2166	True	4	4
2167	True	4	4
2168	True	4	4
2169	True	4	4
2170	True	4	4
2171	True	4	4
2172	True	4	4
2173	True	4	4
2174	True	4	4
2175	True	4	4
2176	True	4	4
2177	True	4	4
2178	True	4	4
2179	True	4	4
2180	True	4	4
2181	True	4	4
2182	True	4	4
2183	True	4	4
2184	True	4	4
2185	True	4	4
2186	True	4	4
2187	True	4	4
2188	True	4	4
2189	True	4	4
2190	True	4	4
2191	True	4	4
2192	True	4	4
2193	True	4	4
2194	True	4	4
2195	True	4	4
2196	True	4	4
2197	True	4	4
2198	True	4	4
2199	True	4	4
2200	True	4	4
2201	True	4	4
2202	True	4	4
2203	True	4	4
2204	True	4	4
2205	True	4	4
2206	True	4	4
2207	True	4	4
2208	True	4	4
2209	True	4	4
2210	True	4	4
2211	True	4	4
2212	True	4	4
2213	True	4	4
2214	True	4	4
2215	True	4	4
2216	True	4	4
2217	True	4	4
2218	True	4	4
2219	True	4	4
2220	True	4	4
2221	True	4	4
2222	True	4	4
2223	True	4	4
2224	True	4	4
2225	True	4	4
2226	True	4	4
2227	True	4	4
2228	True	4	4
2229	True	4	4
2230	True	4	4
2231	True	4	4
2232	True	4	4
2233	True	4	4
2234	True	4	4
2235	True	4	4
2236	True	4	4
2237	True	4	4
2238	True	4	4
2239	True	4	4
2240	True	4	4
2241	True	4	4
2242	True	4	4
2243	True	4	4
2244	True	4	4
2245	True	4	4
2246	True	4	4
2247	True	4	4
2248	True	4	4
2249	True	4	4
2250	True	4	4
2251	True	4	4
2252	True	4	4
2253	True	4	4
2254	True	4	4
2255	True	4	4
2256	True	4	4
2257	True	4	4
2258	True	4	4
2259	True	4	4
2260	True	4	4
2261	True	4	4
2262	True	4	4
2263	True	4	4
2264	True	4	4
2265	True	4	4
2266	True	4	4
2267	True	4	4
2268	True	4	4
2269	True	4	4
2270	True	4	4
2271	True	4	4
2272	True	4	4
2273	True	4	4
2274	True	4	4
2275	True	4	4
2276	True	4	4
2277	True	4	4
2278	True	4	4
2279	True	4	4
2280	True	4	4
2281	True	4	4
2282	True	4	4
2283	True	4	4
2284	True	4	4
2285	True	4	4
2286	True	4	4
2287	True	4	4
2288	True	4	4
2289	True	4	4
2290	True	4	4
2291	True	4	4
2292	True	4	4
2293	True	4	4
2294	True	4	4
2295	True	4	4
2296	True	4	4
2297	True	4	4
2298	True	4	4
2299	True	4	4
2300	True	4	4
2301	True	4	4
2302	True	4	4
2303	True	4	4
2304	True	4	4
2305	True	4	4
2306	True	4	4
2307	True	4	4
2308	True	4	4
2309	True	4	4
2310	True	4	4
2311	True	4	4
2312	True	4	4
2313	True	4	4
2314	True	4	4
2315	True	4	4
2316	True	4	4
2317	True	4	4
2318	True	4	4
2319	True	4	4
2320	True	4	4
2321	True	4	4
2322	True	4	4
2323	True	4	4
2324	True	4	4
2325	True	4	4
2326	True	4	4
2327	True	4	4
2328	True	4	4
2329	True	4	4
2330	True	4	4
2331	True	4	4
2332	True	4	4
2333	True	4	4
2334	True	4	4
2335	True	4	4
2336	True	4	4
2337	True	4	4
2338	True	4	4
2339	True	4	4
2340	True	4	4
2341	True	4	4
2342	True	4	4
2343	True	4	4
2344	True	4	4
2345	True	4	4
2346	True	4	4
2347	True	4	4
2348	True	4	4
2349	True	4	4
2350	True	4	4
2351	True	4	4
2352	True	4	4
2353	True	4	4
2354	True	4	4
2355	True	4	4
2356	True	4	4
2357	True	4	4
2358	True	4	4
2359	True	4	4
2360	True	4	4
2361	True	4	4
2362	True	4	4
2363	True	4	4
2364	True	4	4
2365	True	4	4
2366	True	4	4
2367	True	4	4
2368	True	4	4
2369	True	4	4
2370	True	4	4
2371	True	4	4
2372	True	4	4
2373	True	4	4
2374	True	4	4
2375	True	4	4
2376	True	4	4
2377	True	4	4
2378	True	4	4
2379	True	4	4
2380	True	4	4
2381	True	4	4
2382	True	4	4
2383	True	4	4
2384	True	4	4
2385	True	4	4
2386	True	4	4
2387	True	4	4
2388	True	4	4
2389	True	4	4
2390	True	4	4
2391	True	4	4
2392	True	4	4
2393	True	4	4
2394	True	4	4
2395	True	4	4
2396	True	4	4
2397	True	4	4
2398	True	4	4
2399	True	4	4
2400	True	4	4
2401	True	4	4
2402	True	4	4
2403	True	4	4
2404	True	4	4
2405	True	4	4
2406	True	4	4
2407	True	4	4
2408	True	4	4
2409	True	4	4
2410	True	4	4
2411	True	4	4
2412	True	4	4
2413	True	4	4
2414	True	4	4
2415	True	4	4
2416	True	4	4
2417	True	4	4
2418	True	4	4
2419	True	4	4
2420	True	4	4
2421	True	4	4
2422	True	4	4
2423	True	4	4
2424	True	4	4
2425	True	4	4
2426	True	4	4
2427	True	4	4
2428	True	4	4
2429	True	4	4
2430	True	4	4
2431	True	4	4
2432	True	4	4
2433	True	4	4
2434	True	4	4
2435	True	4	4
2436	True	4	4
2437	True	4	4
2438	True	4	4
2439	True	4	4
2440	True	4	4
2441	True	4	4
2442	True	4	4
2443	True	4	4
2444	True	4	4
2445	True	4	4
2446	True	4	4
2447	True	4	4
2448	True	4	4
2449	True	4	4
2450	True	4	4
2451	True	4	4
2452	True	4	4
2453	True	4	4
2454	True	4	4
2455	True	4	4
2456	True	4	4
2457	True	4	4
2458	True	4	4
2459	True	4	4
2460	True	4	4
2461	True	4	4
2462	True	4	4
2463	True	4	4
2464	True	4	4
2465	True	4	4
2466	True	4	4
2467	True	4	4
2468	True	4	4
2469	True	4	4
2470	True	4	4
2471	True	4	4
2472	True	4	4
2473	True	4	4
2474	True	4	4
2475	True	4	4
2476	True	4	4
2477	True	4	4
2478	True	4	4
2479	True	4	4
2480	True	4	4
2481	True	4	4
2482	True	4	4
2483	True	4	4
2484	True	4	4
2485	True	4	4
2486	True	4	4
2487	True	4	4
2488	True	4	4
2489	True	4	4
2490	True	4	4
2491	True	4	4
2492	True	4	4
2493	True	4	4
2494	True	4	4
2495	True	4	4
2496	True	4	4
2497	True	4	4
2498	True	4	4
2499	True	4	4
2500	True	5	5
2501	True	5	5
2502	True	5	5
2503	True	5	5
2504	True	5	5
2505	True	5	5
2506	True	5	5
2507	True	5	5
2508	True	5	5
2509	True	5	5
2510	True	5	5
2511	True	5	5
2512	True	5	5
2513	True	5	5
2514	True	5	5
2515	True	5	5
2516	True	5	5
2517	True	5	5
2518	True	5	5
2519	True	5	5
2520	True	5	5
2521	True	5	5
2522	True	5	5
2523	True	5	5
2524	True	5	5
2525	True	5	5
2526	True	5	5
2527	True	5	5
2528	True	5	5
2529	True	5	5
2530	True	5	5
2531	True	5	5
2532	True	5	5
2533	True	5	5
2534	True	5	5
2535	True	5	5
2536	True	5	5
2537	True	5	5
2538	True	5	5
2539	True	5	5
2540	True	5	5
2541	True	5	5
2542	True	5	5
2543	True	5	5
2544	True	5	5
2545	True	5	5
2546	True	5	5
2547	True	5	5
2548	True	5	5
2549	True	5	5
2550	True	5	5
2551	True	5	5
2552	True	5	5
2553	True	5	5
2554	True	5	5
2555	True	5	5
2556	True	5	5
2557	True	5	5
2558	True	5	5
2559	True	5	5
2560	True	5	5
2561	True	5	5
2562	True	5	5
2563	True	5	5
2564	True	5	5
2565	True	5	5
2566	True	5	5
2567	True	5	5
2568	True	5	5
2569	True	5	5
2570	True	5	5
2571	True	5	5
2572	True	5	5
2573	True	5	5
2574	True	5	5
2575	True	5	5
2576	True	5	5
2577	True	5	5
2578	True	5	5
2579	True	5	5
2580	True	5	5
2581	True	5	5
2582	True	5	5
2583	True	5	5
2584	True	5	5
2585	True	5	5
2586	True	5	5
2587	True	5	5
2588	True	5	5
2589	True	5	5
2590	True	5	5
2591	True	5	5
2592	True	5	5
2593	True	5	5
2594	True	5	5
2595	True	5	5
2596	True	5	5
2597	True	5	5
2598	True	5	5
2599	True	5	5
2600	True	5	5
2601	True	5	5
2602	True	5	5
2603	True	5	5
2604	True	5	5
2605	True	5	5
2606	True	5	5
2607	True	5	5
2608	True	5	5
2609	True	5	5
2610	True	5	5
2611	True	5	5
2612	True	5	5
2613	True	5	5
2614	True	5	5
2615	True	5	5
2616	True	5	5
2617	True	5	5
2618	True	5	5
2619	True	5	5
2620	True	5	5
2621	True	5	5
2622	True	5	5
2623	True	5	5
2624	True	5	5
2625	True	5	5
2626	True	5	5
2627	True	5	5
2628	True	5	5
2629	True	5	5
2630	True	5	5
2631	True	5	5
2632	True	5	5
2633	True	5	5
2634	True	5	5
2635	True	5	5
2636	True	5	5
2637	True	5	5
2638	True	5	5
2639	True	5	5
2640	True	5	5
2641	True	5	5
2642	True	5	5
2643	True	5	5
2644	True	5	5
2645	True	5	5
2646	True	5	5
2647	True	5	5
2648	True	5	5
2649	True	5	5
2650	True	5	5
2651	True	5	5
2652	True	5	5
2653	True	5	5
2654	True	5	5
2655	True	5	5
2656	True	5	5
2657	True	5	5
2658	True	5	5
2659	True	5	5
2660	True	5	5
2661	True	5	5
2662	True	5	5
2663	True	5	5
2664	True	5	5
2665	True	5	5
2666	True	5	5
2667	True	5	5
2668	True	5	5
2669	True	5	5
2670	True	5	5
2671	True	5	5
2672	True	5	5
2673	True	5	5
2674	True	5	5
2675	True	5	5
2676	True	5	5
2677	True	5	5
2678	True	5	5
2679	True	5	5
2680	True	5	5
2681	True	5	5
2682	True	5	5
2683	True	5	5
2684	True	5	5
2685	True	5	5
2686	True	5	5
2687	True	5	5
2688	True	5	5
2689	True	5	5
2690	True	5	5
2691	True	5	5
2692	True	5	5
2693	True	5	5
2694	True	5	5
2695	True	5	5
2696	True	5	5
2697	True	5	5
2698	True	5	5
2699	True	5	5
2700	True	5	5
2701	True	5	5
2702	True	5	5
2703	True	5	5
2704	True	5	5
2705	True	5	5
2706	True	5	5
2707	True	5	5
2708	True	5	5
2709	True	5	5
2710	True	5	5
2711	True	5	5
2712	True	5	5
2713	True	5	5
2714	True	5	5
2715	True	5	5
2716	True	5	5
2717	True	5	5
2718	True	5	5
2719	True	5	5
2720	True	5	5
2721	True	5	5
2722	True	5	5
2723	True	5	5
2724	True	5	5
2725	True	5	5
2726	True	5	5
2727	True	5	5
2728	True	5	5
2729	True	5	5
2730	True	5	5
2731	True	5	5
2732	True	5	5
2733	True	5	5
2734	True	5	5
2735	True	5	5
2736	True	5	5
2737	True	5	5
2738	True	5	5
2739	True	5	5
2740	True	5	5
2741	True	5	5
2742	True	5	5
2743	True	5	5
2744	True	5	5
2745	True	5	5
2746	True	5	5
2747	True	5	5
2748	True	5	5
2749	True	5	5
2750	True	5	5
2751	True	5	5
2752	True	5	5
2753	True	5	5
2754	True	5	5
2755	True	5	5
2756	True	5	5
2757	True	5	5
2758	True	5	5
2759	True	5	5
2760	True	5	5
2761	True	5	5
2762	True	5	5
2763	True	5	5
2764	True	5	5
2765	True	5	5
2766	True	5	5
2767	True	5	5
2768	True	5	5
2769	True	5	5
2770	True	5	5
2771	True	5	5
2772	True	5	5
2773	True	5	5
2774	True	5	5
2775	True	5	5
2776	True	5	5
2777	True	5	5
2778	True	5	5
2779	True	5	5
2780	True	5	5
2781	True	5	5
2782	True	5	5
2783	True	5	5
2784	True	5	5
2785	True	5	5
2786	True	5	5
2787	True	5	5
2788	True	5	5
2789	True	5	5
2790	True	5	5
2791	True	5	5
2792	True	5	5
2793	True	5	5
2794	True	5	5
2795	True	5	5
2796	True	5	5
2797	True	5	5
2798	True	5	5
2799	True	5	5
2800	True	5	5
2801	True	5	5
2802	True	5	5
2803	True	5	5
2804	True	5	5
2805	True	5	5
2806	True	5	5
2807	True	5	5
2808	True	5	5
2809	True	5	5
2810	True	5	5
2811	True	5	5
2812	True	5	5
2813	True	5	5
2814	True	5	5
2815	True	5	5
2816	True	5	5
2817	True	5	5
2818	True	5	5
2819	True	5	5
2820	True	5	5
2821	True	5	5
2822	True	5	5
2823	True	5	5
2824	True	5	5
2825	True	5	5
2826	True	5	5
2827	True	5	5
2828	True	5	5
2829	True	5	5
2830	True	5	5
2831	True	5	5
2832	True	5	5
2833	True	5	5
2834	True	5	5
2835	True	5	5
2836	True	5	5
2837	True	5	5
2838	True	5	5
2839	True	5	5
2840	True	5	5
2841	True	5	5
2842	True	5	5
2843	True	5	5
2844	True	5	5
2845	True	5	5
2846	True	5	5
2847	True	5	5
2848	True	5	5
2849	True	5	5
2850	True	5	5
2851	True	5	5
2852	True	5	5
2853	True	5	5
2854	True	5	5
2855	True	5	5
2856	True	5	5
2857	True	5	5
2858	True	5	5
2859	True	5	5
2860	True	5	5
2861	True	5	5
2862	True	5	5
2863	True	5	5
2864	True	5	5
2865	True	5	5
2866	True	5	5
2867	True	5	5
2868	True	5	5
2869	True	5	5
2870	True	5	5
2871	True	5	5
2872	True	5	5
2873	True	5	5
2874	True	5	5
2875	True	5	5
2876	True	5	5
2877	True	5	5
2878	True	5	5
2879	True	5	5
2880	True	5	5
2881	True	5	5
2882	True	5	5
2883	True	5	5
2884	True	5	5
2885	True	5	5
2886	True	5	5
2887	True	5	5
2888	True	5	5
2889	True	5	5
2890	True	5	5
2891	True	5	5
2892	True	5	5
2893	True	5	5
2894	True	5	5
2895	True	5	5
2896	True	5	5
2897	True	5	5
2898	True	5	5
2899	True	5	5
2900	True	5	5
2901	True	5	5
2902	True	5	5
2903	True	5	5
2904	True	5	5
2905	True	5	5
2906	True	5	5
2907	True	5	5
2908	True	5	5
2909	True	5	5
2910	True	5	5
2911	True	5	5
2912	True	5	5
2913	True	5	5
2914	True	5	5
2915	True	5	5
2916	True	5	5
2917	True	5	5
2918	True	5	5
2919	True	5	5
2920	True	5	5
2921	True	5	5
2922	True	5	5
2923	True	5	5
2924	True	5	5
2925	True	5	5
2926	True	5	5
2927	True	5	5
2928	True	5	5
2929	True	5	5
2930	True	5	5
2931	True	5	5
2932	True	5	5
2933	True	5	5
2934	True	5	5
2935	True	5	5
2936	True	5	5
2937	True	5	5
2938	True	5	5
2939	True	5	5
2940	True	5	5
2941	True	5	5
2942	True	5	5
2943	True	5	5
2944	True	5	5
2945	True	5	5
2946	True	5	5
2947	True	5	5
2948	True	5	5
2949	True	5	5
2950	True	5	5
2951	True	5	5
2952	True	5	5
2953	True	5	5
2954	True	5	5
2955	True	5	5
2956	True	5	5
2957	True	5	5
2958	True	5	5
2959	True	5	5
2960	True	5	5
2961	True	5	5
2962	True	5	5
2963	True	5	5
2964	True	5	5
2965	True	5	5
2966	True	5	5
2967	True	5	5
2968	True	5	5
2969	True	5	5
2970	True	5	5
2971	True	5	5
2972	True	5	5
2973	True	5	5
2974	True	5	5
2975	True	5	5
2976	True	5	5
2977	True	5	5
2978	True	5	5
2979	True	5	5
2980	True	5	5
2981	True	5	5
2982	True	5	5
2983	True	5	5
2984	True	5	5
2985	True	5	5
2986	True	5	5
2987	True	5	5
2988	True	5	5
2989	True	5	5
2990	True	5	5
2991	True	5	5
2992	True	5	5
2993	True	5	5
2994	True	5	5
2995	True	5	5
2996	True	5	5
2997	True	5	5
2998	True	5	5
2999	True	5	5
3000	True	6	6
3001	True	6	6
3002	True	6	6
3003	True	6	6
3004	True	6	6
3005	True	6	6
3006	True	6	6
3007	True	6	6
3008	True	6	6
3009	True	6	6
3010	True	6	6
3011	True	6	6
3012	True	6	6
3013	True	6	6
3014	True	6	6
3015	True	6	6
3016	True	6	6
3017	True	6	6
3018	True	6	6
3019	True	6	6
3020	True	6	6
3021	True	6	6
3022	True	6	6
3023	True	6	6
3024	True	6	6
3025	True	6	6
3026	True	6	6
3027	True	6	6
3028	True	6	6
3029	True	6	6
3030	True	6	6
3031	True	6	6
3032	True	6	6
3033	True	6	6
3034	True	6	6
3035	True	6	6
3036	True	6	6
3037	True	6	6
3038	True	6	6
3039	True	6	6
3040	True	6	6
3041	True	6	6
3042	True	6	6
3043	True	6	6
3044	True	6	6
3045	True	6	6
3046	True	6	6
3047	True	6	6
3048	True	6	6
3049	True	6	6
3050	True	6	6
3051	True	6	6
3052	True	6	6
3053	True	6	6
3054	True	6	6
3055	True	6	6
3056	True	6	6
3057	True	6	6
3058	True	6	6
3059	True	6	6
3060	True	6	6
3061	True	6	6
3062	True	6	6
3063	True	6	6
3064	True	6	6
3065	True	6	6
3066	True	6	6
3067	True	6	6
3068	True	6	6
3069	True	6	6
3070	True	6	6
3071	True	6	6
3072	True	6	6
3073	True	6	6
3074	True	6	6
3075	True	6	6
3076	True	6	6
3077	True	6	6
3078	True	6	6
3079	True	6	6
3080	True	6	6
3081	True	6	6
3082	True	6	6
3083	True	6	6
3084	True	6	6
3085	True	6	6
3086	True	6	6
3087	True	6	6
3088	True	6	6
3089	True	6	6
3090	True	6	6
3091	True	6	6
3092	True	6	6
3093	True	6	6
3094	True	6	6
3095	True	6	6
3096	True	6	6
3097	True	6	6
3098	True	6	6
3099	True	6	6
3100	True	6	6
3101	True	6	6
3102	True	6	6
3103	True	6	6
3104	True	6	6
3105	True	6	6
3106	True	6	6
3107	True	6	6
3108	True	6	6
3109	True	6	6
3110	True	6	6
3111	True	6	6
3112	True	6	6
3113	True	6	6
3114	True	6	6
3115	True	6	6
3116	True	6	6
3117	True	6	6
3118	True	6	6
3119	True	6	6
3120	True	6	6
3121	True	6	6
3122	True	6	6
3123	True	6	6
3124	True	6	6
3125	True	6	6
3126	True	6	6
3127	True	6	6
3128	True	6	6
3129	True	6	6
3130	True	6	6
3131	True	6	6
3132	True	6	6
3133	True	6	6
3134	True	6	6
3135	True	6	6
3136	True	6	6
3137	True	6	6
3138	True	6	6
3139	True	6	6
3140	True	6	6
3141	True	6	6
3142	True	6	6
3143	True	6	6
3144	True	6	6
3145	True	6	6
3146	True	6	6
3147	True	6	6
3148	True	6	6
3149	True	6	6
3150	True	6	6
3151	True	6	6
3152	True	6	6
3153	True	6	6
3154	True	6	6
3155	True	6	6
3156	True	6	6
3157	True	6	6
3158	True	6	6
3159	True	6	6
3160	True	6	6
3161	True	6	6
3162	True	6	6
3163	True	6	6
3164	True	6	6
3165	True	6	6
3166	True	6	6
3167	True	6	6
3168	True	6	6
3169	True	6	6
3170	True	6	6
3171	True	6	6
3172	True	6	6
3173	True	6	6
3174	True	6	6
3175	True	6	6
3176	True	6	6
3177	True	6	6
3178	True	6	6
3179	True	6	6
3180	True	6	6
3181	True	6	6
3182	True	6	6
3183	True	6	6
3184	True	6	6
3185	True	6	6
3186	True	6	6
3187	True	6	6
3188	True	6	6
3189	True	6	6
3190	True	6	6
3191	True	6	6
3192	True	6	6
3193	True	6	6
3194	True	6	6
3195	True	6	6
3196	True	6	6
3197	True	6	6
3198	True	6	6
3199	True	6	6
3200	True	6	6
3201	True	6	6
3202	True	6	6
3203	True	6	6
3204	True	6	6
3205	True	6	6
3206	True	6	6
3207	True	6	6
3208	True	6	6
3209	True	6	6
3210	True	6	6
3211	True	6	6
3212	True	6	6
3213	True	6	6
3214	True	6	6
3215	True	6	6
3216	True	6	6
3217	True	6	6
3218	True	6	6
3219	True	6	6
3220	True	6	6
3221	True	6	6
3222	True	6	6
3223	True	6	6
3224	True	6	6
3225	True	6	6
3226	True	6	6
3227	True	6	6
3228	True	6	6
3229	True	6	6
3230	True	6	6
3231	True	6	6
3232	True	6	6
3233	True	6	6
3234	True	6	6
3235	True	6	6
3236	True	6	6
3237	True	6	6
3238	True	6	6
3239	True	6	6
3240	True	6	6
3241	True	6	6
3242	True	6	6
3243	True	6	6
3244	True	6	6
3245	True	6	6
3246	True	6	6
3247	True	6	6
3248	True	6	6
3249	True	6	6
3250	True	6	6
3251	True	6	6
3252	True	6	6
3253	True	6	6
3254	True	6	6
3255	True	6	6
3256	True	6	6
3257	True	6	6
3258	True	6	6
3259	True	6	6
3260	True	6	6
3261	True	6	6
3262	True	6	6
3263	True	6	6
3264	True	6	6
3265	True	6	6
3266	True	6	6
3267	True	6	6
3268	True	6	6
3269	True	6	6
3270	True	6	6
3271	True	6	6
3272	True	6	6
3273	True	6	6
3274	True	6	6
3275	True	6	6
3276	True	6	6
3277	True	6	6
3278	True	6	6
3279	True	6	6
3280	True	6	6
3281	True	6	6
3282	True	6	6
3283	True	6	6
3284	True	6	6
3285	True	6	6
3286	True	6	6
3287	True	6	6
3288	True	6	6
3289	True	6	6
3290	True	6	6
3291	True	6	6
3292	True	6	6
3293	True	6	6
3294	True	6	6
3295	True	6	6
3296	True	6	6
3297	True	6	6
3298	True	6	6
3299	True	6	6
3300	True	6	6
3301	True	6	6
3302	True	6	6
3303	True	6	6
3304	True	6	6
3305	True	6	6
3306	True	6	6
3307	True	6	6
3308	True	6	6
3309	True	6	6
3310	True	6	6
3311	True	6	6
3312	True	6	6
3313	True	6	6
3314	True	6	6
3315	True	6	6
3316	True	6	6
3317	True	6	6
3318	True	6	6
3319	True	6	6
3320	True	6	6
3321	True	6	6
3322	True	6	6
3323	True	6	6
3324	True	6	6
3325	True	6	6
3326	True	6	6
3327	True	6	6
3328	True	6	6
3329	True	6	6
3330	True	6	6
3331	True	6	6
3332	True	6	6
3333	True	6	6
3334	True	6	6
3335	True	6	6
3336	True	6	6
3337	True	6	6
3338	True	6	6
3339	True	6	6
3340	True	6	6
3341	True	6	6
3342	True	6	6
3343	True	6	6
3344	True	6	6
3345	True	6	6
3346	True	6	6
3347	True	6	6
3348	True	6	6
3349	True	6	6
3350	True	6	6
3351	True	6	6
3352	True	6	6
3353	True	6	6
3354	True	6	6
3355	True	6	6
3356	True	6	6
3357	True	6	6
3358	True	6	6
3359	True	6	6
3360	True	6	6
3361	True	6	6
3362	True	6	6
3363	True	6	6
3364	True	6	6
3365	True	6	6
3366	True	6	6
3367	True	6	6
3368	True	6	6
3369	True	6	6
3370	True	6	6
3371	True	6	6
3372	True	6	6
3373	True	6	6
3374	True	6	6
3375	True	6	6
3376	True	6	6
3377	True	6	6
3378	True	6	6
3379	True	6	6
3380	True	6	6
3381	True	6	6
3382	True	6	6
3383	True	6	6
3384	True	6	6
3385	True	6	6
3386	True	6	6
3387	True	6	6
3388	True	6	6
3389	True	6	6
3390	True	6	6
3391	True	6	6
3392	True	6	6
3393	True	6	6
3394	True	6	6
3395	True	6	6
3396	True	6	6
3397	True	6	6
3398	True	6	6
3399	True	6	6
3400	True	6	6
3401	True	6	6
3402	True	6	6
3403	True	6	6
3404	True	6	6
3405	True	6	6
3406	True	6	6
3407	True	6	6
3408	True	6	6
3409	True	6	6
3410	True	6	6
3411	True	6	6
3412	True	6	6
3413	True	6	6
3414	True	6	6
3415	True	6	6
3416	True	6	6
3417	True	6	6
3418	True	6	6
3419	True	6	6
3420	True	6	6
3421	True	6	6
3422	True	6	6
3423	True	6	6
3424	True	6	6
3425	True	6	6
3426	True	6	6
3427	True	6	6
3428	True	6	6
3429	True	6	6
3430	True	6	6
3431	True	6	6
3432	True	6	6
3433	True	6	6
3434	True	6	6
3435	True	6	6
3436	True	6	6
3437	True	6	6
3438	True	6	6
3439	True	6	6
3440	True	6	6
3441	True	6	6
3442	True	6	6
3443	True	6	6
3444	True	6	6
3445	True	6	6
3446	True	6	6
3447	True	6	6
3448	True	6	6
3449	True	6	6
3450	True	6	6
3451	True	6	6
3452	True	6	6
3453	True	6	6
3454	True	6	6
3455	True	6	6
3456	True	6	6
3457	True	6	6
3458	True	6	6
3459	True	6	6
3460	True	6	6
3461	True	6	6
3462	True	6	6
3463	True	6	6
3464	True	6	6
3465	True	6	6
3466	True	6	6
3467	True	6	6
3468	True	6	6
3469	True	6	6
3470	True	6	6
3471	True	6	6
3472	True	6	6
3473	True	6	6
3474	True	6	6
3475	True	6	6
3476	True	6	6
3477	True	6	6
3478	True	6	6
3479	True	6	6
3480	True	6	6
3481	True	6	6
3482	True	6	6
3483	True	6	6
3484	True	6	6
3485	True	6	6
3486	True	6	6
3487	True	6	6
3488	True	6	6
3489	True	6	6
3490	True	6	6
3491	True	6	6
3492	True	6	6
3493	True	6	6
3494	True	6	6
3495	True	6	6
3496	True	6	6
3497	True	6	6
3498	True	6	6
3499	True	6	6
3500	True	7	7
3501	True	7	7
3502	True	7	7
3503	True	7	7
3504	True	7	7
3505	True	7	7
3506	True	7	7
3507	True	7	7
3508	True	7	7
3509	True	7	7
3510	True	7	7
3511	True	7	7
3512	True	7	7
3513	True	7	7
3514	True	7	7
3515	True	7	7
3516	True	7	7
3517	True	7	7
3518	True	7	7
3519	True	7	7
3520	True	7	7
3521	True	7	7
3522	True	7	7
3523	True	7	7
3524	True	7	7
3525	True	7	7
3526	True	7	7
3527	True	7	7
3528	True	7	7
3529	True	7	7
3530	True	7	7
3531	True	7	7
3532	True	7	7
3533	True	7	7
3534	True	7	7
3535	True	7	7
3536	True	7	7
3537	True	7	7
3538	True	7	7
3539	True	7	7
3540	True	7	7
3541	True	7	7
3542	True	7	7
3543	True	7	7
3544	True	7	7
3545	True	7	7
3546	True	7	7
3547	True	7	7
3548	True	7	7
3549	True	7	7
3550	True	7	7
3551	True	7	7
3552	True	7	7
3553	True	7	7
3554	True	7	7
3555	True	7	7
3556	True	7	7
3557	True	7	7
3558	True	7	7
3559	True	7	7
3560	True	7	7
3561	True	7	7
3562	True	7	7
3563	True	7	7
3564	True	7	7
3565	True	7	7
3566	True	7	7
3567	True	7	7
3568	True	7	7
3569	True	7	7
3570	True	7	7
3571	True	7	7
3572	True	7	7
3573	True	7	7
3574	True	7	7
3575	True	7	7
3576	True	7	7
3577	True	7	7
3578	True	7	7
3579	True	7	7
3580	True	7	7
3581	True	7	7
3582	True	7	7
3583	True	7	7
3584	True	7	7
3585	True	7	7
3586	True	7	7
3587	True	7	7
3588	True	7	7
3589	True	7	7
3590	True	7	7
3591	True	7	7
3592	True	7	7
3593	True	7	7
3594	True	7	7
3595	True	7	7
3596	True	7	7
3597	True	7	7
3598	True	7	7
3599	True	7	7
3600	True	7	7
3601	True	7	7
3602	True	7	7
3603	True	7	7
3604	True	7	7
3605	True	7	7
3606	True	7	7
3607	True	7	7
3608	True	7	7
3609	True	7	7
3610	True	7	7
3611	True	7	7
3612	True	7	7
3613	True	7	7
3614	True	7	7
3615	True	7	7
3616	True	7	7
3617	True	7	7
3618	True	7	7
3619	True	7	7
3620	True	7	7
3621	True	7	7
3622	True	7	7
3623	True	7	7
3624	True	7	7
3625	True	7	7
3626	True	7	7
3627	True	7	7
3628	True	7	7
3629	True	7	7
3630	True	7	7
3631	True	7	7
3632	True	7	7
3633	True	7	7
3634	True	7	7
3635	True	7	7
3636	True	7	7
3637	True	7	7
3638	True	7	7
3639	True	7	7
3640	True	7	7
3641	True	7	7
3642	True	7	7
3643	True	7	7
3644	True	7	7
3645	True	7	7
3646	True	7	7
3647	True	7	7
3648	True	7	7
3649	True	7	7
3650	True	7	7
3651	True	7	7
3652	True	7	7
3653	True	7	7
3654	True	7	7
3655	True	7	7
3656	True	7	7
3657	True	7	7
3658	True	7	7
3659	True	7	7
3660	True	7	7
3661	True	7	7
3662	True	7	7
3663	True	7	7
3664	True	7	7
3665	True	7	7
3666	True	7	7
3667	True	7	7
3668	True	7	7
3669	True	7	7
3670	True	7	7
3671	True	7	7
3672	True	7	7
3673	True	7	7
3674	True	7	7
3675	True	7	7
3676	True	7	7
3677	True	7	7
3678	True	7	7
3679	True	7	7
3680	True	7	7
3681	True	7	7
3682	True	7	7
3683	True	7	7
3684	True	7	7
3685	True	7	7
3686	True	7	7
3687	True	7	7
3688	True	7	7
3689	True	7	7
3690	True	7	7
3691	True	7	7
3692	True	7	7
3693	True	7	7
3694	True	7	7
3695	True	7	7
3696	True	7	7
3697	True	7	7
3698	True	7	7
3699	True	7	7
3700	True	7	7
3701	True	7	7
3702	True	7	7
3703	True	7	7
3704	True	7	7
3705	True	7	7
3706	True	7	7
3707	True	7	7
3708	True	7	7
3709	True	7	7
3710	True	7	7
3711	True	7	7
3712	True	7	7
3713	True	7	7
3714	True	7	7
3715	True	7	7
3716	True	7	7
3717	True	7	7
3718	True	7	7
3719	True	7	7
3720	True	7	7
3721	True	7	7
3722	True	7	7
3723	True	7	7
3724	True	7	7
3725	True	7	7
3726	True	7	7
3727	True	7	7
3728	True	7	7
3729	True	7	7
3730	True	7	7
3731	True	7	7
3732	True	7	7
3733	True	7	7
3734	True	7	7
3735	True	7	7
3736	True	7	7
3737	True	7	7
3738	True	7	7
3739	True	7	7
3740	True	7	7
3741	True	7	7
3742	True	7	7
3743	True	7	7
3744	True	7	7
3745	True	7	7
3746	True	7	7
3747	True	7	7
3748	True	7	7
3749	True	7	7
3750	True	7	7
3751	True	7	7
3752	True	7	7
3753	True	7	7
3754	True	7	7
3755	True	7	7
3756	True	7	7
3757	True	7	7
3758	True	7	7
3759	True	7	7
3760	True	7	7
3761	True	7	7
3762	True	7	7
3763	True	7	7
3764	True	7	7
3765	True	7	7
3766	True	7	7
3767	True	7	7
3768	True	7	7
3769	True	7	7
3770	True	7	7
3771	True	7	7
3772	True	7	7
3773	True	7	7
3774	True	7	7
3775	True	7	7
3776	True	7	7
3777	True	7	7
3778	True	7	7
3779	True	7	7
3780	True	7	7
3781	True	7	7
3782	True	7	7
3783	True	7	7
3784	True	7	7
3785	True	7	7
3786	True	7	7
3787	True	7	7
3788	True	7	7
3789	True	7	7
3790	True	7	7
3791	True	7	7
3792	True	7	7
3793	True	7	7
3794	True	7	7
3795	True	7	7
3796	True	7	7
3797	True	7	7
3798	True	7	7
3799	True	7	7
3800	True	7	7
3801	True	7	7
3802	True	7	7
3803	True	7	7
3804	True	7	7
3805	True	7	7
3806	True	7	7
3807	True	7	7
3808	True	7	7
3809	True	7	7
3810	True	7	7
3811	True	7	7
3812	True	7	7
3813	True	7	7
3814	True	7	7
3815	True	7	7
3816	True	7	7
3817	True	7	7
3818	True	7	7
3819	True	7	7
3820	True	7	7
3821	True	7	7
3822	True	7	7
3823	True	7	7
3824	True	7	7
3825	True	7	7
3826	True	7	7
3827	True	7	7
3828	True	7	7
3829	True	7	7
3830	True	7	7
3831	True	7	7
3832	True	7	7
3833	True	7	7
3834	True	7	7
3835	True	7	7
3836	True	7	7
3837	True	7	7
3838	True	7	7
3839	True	7	7
3840	True	7	7
3841	True	7	7
3842	True	7	7
3843	True	7	7
3844	True	7	7
3845	True	7	7
3846	True	7	7
3847	True	7	7
3848	True	7	7
3849	True	7	7
3850	True	7	7
3851	True	7	7
3852	True	7	7
3853	True	7	7
3854	True	7	7
3855	True	7	7
3856	True	7	7
3857	True	7	7
3858	True	7	7
3859	True	7	7
3860	True	7	7
3861	True	7	7
3862	True	7	7
3863	True	7	7
3864	True	7	7
3865	True	7	7
3866	True	7	7
3867	True	7	7
3868	True	7	7
3869	True	7	7
3870	True	7	7
3871	True	7	7
3872	True	7	7
3873	True	7	7
3874	True	7	7
3875	True	7	7
3876	True	7	7
3877	True	7	7
3878	True	7	7
3879	True	7	7
3880	True	7	7
3881	True	7	7
3882	True	7	7
3883	True	7	7
3884	True	7	7
3885	True	7	7
3886	True	7	7
3887	True	7	7
3888	True	7	7
3889	True	7	7
3890	True	7	7
3891	True	7	7
3892	True	7	7
3893	True	7	7
3894	True	7	7
3895	True	7	7
3896	True	7	7
3897	True	7	7
3898	True	7	7
3899	True	7	7
3900	True	7	7
3901	True	7	7
3902	True	7	7
3903	True	7	7
3904	True	7	7
3905	True	7	7
3906	True	7	7
3907	True	7	7
3908	True	7	7
3909	True	7	7
3910	True	7	7
3911	True	7	7
3912	True	7	7
3913	True	7	7
3914	True	7	7
3915	True	7	7
3916	True	7	7
3917	True	7	7
3918	True	7	7
3919	True	7	7
3920	True	7	7
3921	True	7	7
3922	True	7	7
3923	True	7	7
3924	True	7	7
3925	True	7	7
3926	True	7	7
3927	True	7	7
3928	True	7	7
3929	True	7	7
3930	True	7	7
3931	True	7	7
3932	True	7	7
3933	True	7	7
3934	True	7	7
3935	True	7	7
3936	True	7	7
3937	True	7	7
3938	True	7	7
3939	True	7	7
3940	True	7	7
3941	True	7	7
3942	True	7	7
3943	True	7	7
3944	True	7	7
3945	True	7	7
3946	True	7	7
3947	True	7	7
3948	True	7	7
3949	True	7	7
3950	True	7	7
3951	True	7	7
3952	True	7	7
3953	True	7	7
3954	True	7	7
3955	True	7	7
3956	True	7	7
3957	True	7	7
3958	True	7	7
3959	True	7	7
3960	True	7	7
3961	True	7	7
3962	True	7	7
3963	True	7	7
3964	True	7	7
3965	True	7	7
3966	True	7	7
3967	True	7	7
3968	True	7	7
3969	True	7	7
3970	True	7	7
3971	True	7	7
3972	True	7	7
3973	True	7	7
3974	True	7	7
3975	True	7	7
3976	True	7	7
3977	True	7	7
3978	True	7	7
3979	True	7	7
3980	True	7	7
3981	True	7	7
3982	True	7	7
3983	True	7	7
3984	True	7	7
3985	True	7	7
3986	True	7	7
3987	True	7	7
3988	True	7	7
3989	True	7	7
3990	True	7	7
3991	True	7	7
3992	True	7	7
3993	True	7	7
3994	True	7	7
3995	True	7	7
3996	True	7	7
3997	True	7	7
3998	True	7	7
3999	True	7	7
4000	True	8	8
4001	True	8	8
4002	True	8	8
4003	True	8	8
4004	True	8	8
4005	True	8	8
4006	True	8	8
4007	True	8	8
4008	True	8	8
4009	True	8	8
4010	True	8	8
4011	True	8	8
4012	True	8	8
4013	True	8	8
4014	True	8	8
4015	True	8	8
4016	True	8	8
4017	True	8	8
4018	True	8	8
4019	True	8	8
4020	True	8	8
4021	True	8	8
4022	True	8	8
4023	True	8	8
4024	True	8	8
4025	True	8	8
4026	True	8	8
4027	True	8	8
4028	True	8	8
4029	True	8	8
4030	True	8	8
4031	True	8	8
4032	True	8	8
4033	True	8	8
4034	True	8	8
4035	True	8	8
4036	True	8	8
4037	True	8	8
4038	True	8	8
4039	True	8	8
4040	True	8	8
4041	True	8	8
4042	True	8	8
4043	True	8	8
4044	True	8	8
4045	True	8	8
4046	True	8	8
4047	True	8	8
4048	True	8	8
4049	True	8	8
4050	True	8	8
4051	True	8	8
4052	True	8	8
4053	True	8	8
4054	True	8	8
4055	True	8	8
4056	True	8	8
4057	True	8	8
4058	True	8	8
4059	True	8	8
4060	True	8	8
4061	True	8	8
4062	True	8	8
4063	True	8	8
4064	True	8	8
4065	True	8	8
4066	True	8	8
4067	True	8	8
4068	True	8	8
4069	True	8	8
4070	True	8	8
4071	True	8	8
4072	True	8	8
4073	True	8	8
4074	True	8	8
4075	True	8	8
4076	True	8	8
4077	True	8	8
4078	True	8	8
4079	True	8	8
4080	True	8	8
4081	True	8	8
4082	True	8	8
4083	True	8	8
4084	True	8	8
4085	True	8	8
4086	True	8	8
4087	True	8	8
4088	True	8	8
4089	True	8	8
4090	True	8	8
4091	True	8	8
4092	True	8	8
4093	True	8	8
4094	True	8	8
4095	True	8	8
4096	True	8	8
4097	True	8	8
4098	True	8	8
4099	True	8	8
4100	True	8	8
4101	True	8	8
4102	True	8	8
4103	True	8	8
4104	True	8	8
4105	True	8	8
4106	True	8	8
4107	True	8	8
4108	True	8	8
4109	True	8	8
4110	True	8	8
4111	True	8	8
4112	True	8	8
4113	True	8	8
4114	True	8	8
4115	True	8	8
4116	True	8	8
4117	True	8	8
4118	True	8	8
4119	True	8	8
4120	True	8	8
4121	True	8	8
4122	True	8	8
4123	True	8	8
4124	True	8	8
4125	True	8	8
4126	True	8	8
4127	True	8	8
4128	True	8	8
4129	True	8	8
4130	True	8	8
4131	True	8	8
4132	True	8	8
4133	True	8	8
4134	True	8	8
4135	True	8	8
4136	True	8	8
4137	True	8	8
4138	True	8	8
4139	True	8	8
4140	True	8	8
4141	True	8	8
4142	True	8	8
4143	True	8	8
4144	True	8	8
4145	True	8	8
4146	True	8	8
4147	True	8	8
4148	True	8	8
4149	True	8	8
4150	True	8	8
4151	True	8	8
4152	True	8	8
4153	True	8	8
4154	True	8	8
4155	True	8	8
4156	True	8	8
4157	True	8	8
4158	True	8	8
4159	True	8	8
4160	True	8	8
4161	True	8	8
4162	True	8	8
4163	True	8	8
4164	True	8	8
4165	True	8	8
4166	True	8	8
4167	True	8	8
4168	True	8	8
4169	True	8	8
4170	True	8	8
4171	True	8	8
4172	True	8	8
4173	True	8	8
4174	True	8	8
4175	True	8	8
4176	True	8	8
4177	True	8	8
4178	True	8	8
4179	True	8	8
4180	True	8	8
4181	True	8	8
4182	True	8	8
4183	True	8	8
4184	True	8	8
4185	True	8	8
4186	True	8	8
4187	True	8	8
4188	True	8	8
4189	True	8	8
4190	True	8	8
4191	True	8	8
4192	True	8	8
4193	True	8	8
4194	True	8	8
4195	True	8	8
4196	True	8	8
4197	True	8	8
4198	True	8	8
4199	True	8	8
4200	True	8	8
4201	True	8	8
4202	True	8	8
4203	True	8	8
4204	True	8	8
4205	True	8	8
4206	True	8	8
4207	True	8	8
4208	True	8	8
4209	True	8	8
4210	True	8	8
4211	True	8	8
4212	True	8	8
4213	True	8	8
4214	True	8	8
4215	True	8	8
4216	True	8	8
4217	True	8	8
4218	True	8	8
4219	True	8	8
4220	True	8	8
4221	True	8	8
4222	True	8	8
4223	True	8	8
4224	True	8	8
4225	True	8	8
4226	True	8	8
4227	True	8	8
4228	True	8	8
4229	True	8	8
4230	True	8	8
4231	True	8	8
4232	False	8	6
4233	True	8	8
4234	True	8	8
4235	True	8	8
4236	True	8	8
4237	True	8	8
4238	True	8	8
4239	True	8	8
4240	True	8	8
4241	True	8	8
4242	True	8	8
4243	True	8	8
4244	True	8	8
4245	True	8	8
4246	True	8	8
4247	True	8	8
4248	True	8	8
4249	True	8	8
4250	True	8	8
4251	True	8	8
4252	True	8	8
4253	True	8	8
4254	True	8	8
4255	True	8	8
4256	True	8	8
4257	True	8	8
4258	True	8	8
4259	True	8	8
4260	True	8	8
4261	True	8	8
4262	True	8	8
4263	True	8	8
4264	True	8	8
4265	True	8	8
4266	True	8	8
4267	True	8	8
4268	True	8	8
4269	True	8	8
4270	True	8	8
4271	True	8	8
4272	True	8	8
4273	True	8	8
4274	True	8	8
4275	True	8	8
4276	True	8	8
4277	True	8	8
4278	True	8	8
4279	True	8	8
4280	True	8	8
4281	True	8	8
4282	True	8	8
4283	True	8	8
4284	True	8	8
4285	True	8	8
4286	True	8	8
4287	True	8	8
4288	True	8	8
4289	True	8	8
4290	True	8	8
4291	True	8	8
4292	True	8	8
4293	True	8	8
4294	True	8	8
4295	True	8	8
4296	True	8	8
4297	True	8	8
4298	True	8	8
4299	True	8	8
4300	True	8	8
4301	True	8	8
4302	True	8	8
4303	True	8	8
4304	True	8	8
4305	True	8	8
4306	True	8	8
4307	True	8	8
4308	True	8	8
4309	True	8	8
4310	True	8	8
4311	True	8	8
4312	True	8	8
4313	True	8	8
4314	True	8	8
4315	True	8	8
4316	True	8	8
4317	True	8	8
4318	True	8	8
4319	True	8	8
4320	True	8	8
4321	True	8	8
4322	True	8	8
4323	True	8	8
4324	True	8	8
4325	True	8	8
4326	True	8	8
4327	True	8	8
4328	True	8	8
4329	True	8	8
4330	True	8	8
4331	True	8	8
4332	True	8	8
4333	True	8	8
4334	True	8	8
4335	True	8	8
4336	True	8	8
4337	True	8	8
4338	True	8	8
4339	True	8	8
4340	True	8	8
4341	True	8	8
4342	True	8	8
4343	True	8	8
4344	True	8	8
4345	True	8	8
4346	True	8	8
4347	True	8	8
4348	True	8	8
4349	True	8	8
4350	True	8	8
4351	True	8	8
4352	True	8	8
4353	True	8	8
4354	True	8	8
4355	True	8	8
4356	True	8	8
4357	True	8	8
4358	True	8	8
4359	True	8	8
4360	True	8	8
4361	True	8	8
4362	True	8	8
4363	True	8	8
4364	True	8	8
4365	True	8	8
4366	True	8	8
4367	True	8	8
4368	True	8	8
4369	True	8	8
4370	True	8	8
4371	False	8	6
4372	True	8	8
4373	True	8	8
4374	True	8	8
4375	True	8	8
4376	True	8	8
4377	True	8	8
4378	True	8	8
4379	True	8	8
4380	True	8	8
4381	True	8	8
4382	True	8	8
4383	True	8	8
4384	True	8	8
4385	True	8	8
4386	True	8	8
4387	True	8	8
4388	True	8	8
4389	True	8	8
4390	True	8	8
4391	True	8	8
4392	True	8	8
4393	True	8	8
4394	True	8	8
4395	True	8	8
4396	True	8	8
4397	True	8	8
4398	True	8	8
4399	True	8	8
4400	True	8	8
4401	True	8	8
4402	True	8	8
4403	True	8	8
4404	True	8	8
4405	True	8	8
4406	True	8	8
4407	True	8	8
4408	True	8	8
4409	True	8	8
4410	True	8	8
4411	True	8	8
4412	True	8	8
4413	True	8	8
4414	True	8	8
4415	True	8	8
4416	True	8	8
4417	True	8	8
4418	True	8	8
4419	True	8	8
4420	True	8	8
4421	True	8	8
4422	True	8	8
4423	True	8	8
4424	True	8	8
4425	True	8	8
4426	True	8	8
4427	True	8	8
4428	True	8	8
4429	True	8	8
4430	True	8	8
4431	True	8	8
4432	True	8	8
4433	True	8	8
4434	True	8	8
4435	True	8	8
4436	True	8	8
4437	True	8	8
4438	True	8	8
4439	True	8	8
4440	True	8	8
4441	True	8	8
4442	True	8	8
4443	True	8	8
4444	True	8	8
4445	True	8	8
4446	True	8	8
4447	True	8	8
4448	True	8	8
4449	True	8	8
4450	True	8	8
4451	True	8	8
4452	True	8	8
4453	True	8	8
4454	True	8	8
4455	True	8	8
4456	True	8	8
4457	True	8	8
4458	True	8	8
4459	True	8	8
4460	True	8	8
4461	True	8	8
4462	True	8	8
4463	True	8	8
4464	True	8	8
4465	True	8	8
4466	True	8	8
4467	True	8	8
4468	True	8	8
4469	True	8	8
4470	True	8	8
4471	True	8	8
4472	True	8	8
4473	True	8	8
4474	True	8	8
4475	True	8	8
4476	True	8	8
4477	True	8	8
4478	True	8	8
4479	True	8	8
4480	True	8	8
4481	True	8	8
4482	True	8	8
4483	True	8	8
4484	True	8	8
4485	True	8	8
4486	True	8	8
4487	True	8	8
4488	True	8	8
4489	True	8	8
4490	True	8	8
4491	True	8	8
4492	True	8	8
4493	True	8	8
4494	True	8	8
4495	True	8	8
4496	True	8	8
4497	True	8	8
4498	True	8	8
4499	True	8	8
4500	True	9	9
4501	True	9	9
4502	True	9	9
4503	True	9	9
4504	True	9	9
4505	True	9	9
4506	True	9	9
4507	True	9	9
4508	True	9	9
4509	True	9	9
4510	True	9	9
4511	True	9	9
4512	True	9	9
4513	True	9	9
4514	True	9	9
4515	True	9	9
4516	True	9	9
4517	True	9	9
4518	True	9	9
4519	True	9	9
4520	True	9	9
4521	True	9	9
4522	True	9	9
4523	True	9	9
4524	True	9	9
4525	True	9	9
4526	True	9	9
4527	True	9	9
4528	True	9	9
4529	True	9	9
4530	True	9	9
4531	True	9	9
4532	True	9	9
4533	True	9	9
4534	True	9	9
4535	True	9	9
4536	True	9	9
4537	True	9	9
4538	True	9	9
4539	True	9	9
4540	True	9	9
4541	True	9	9
4542	True	9	9
4543	True	9	9
4544	True	9	9
4545	True	9	9
4546	True	9	9
4547	True	9	9
4548	True	9	9
4549	True	9	9
4550	True	9	9
4551	True	9	9
4552	True	9	9
4553	True	9	9
4554	True	9	9
4555	True	9	9
4556	True	9	9
4557	True	9	9
4558	True	9	9
4559	True	9	9
4560	True	9	9
4561	True	9	9
4562	True	9	9
4563	True	9	9
4564	True	9	9
4565	True	9	9
4566	True	9	9
4567	True	9	9
4568	True	9	9
4569	True	9	9
4570	True	9	9
4571	True	9	9
4572	True	9	9
4573	True	9	9
4574	True	9	9
4575	True	9	9
4576	True	9	9
4577	True	9	9
4578	True	9	9
4579	True	9	9
4580	True	9	9
4581	True	9	9
4582	True	9	9
4583	True	9	9
4584	True	9	9
4585	True	9	9
4586	True	9	9
4587	True	9	9
4588	True	9	9
4589	True	9	9
4590	True	9	9
4591	True	9	9
4592	True	9	9
4593	True	9	9
4594	True	9	9
4595	True	9	9
4596	True	9	9
4597	True	9	9
4598	True	9	9
4599	True	9	9
4600	True	9	9
4601	True	9	9
4602	True	9	9
4603	True	9	9
4604	True	9	9
4605	True	9	9
4606	True	9	9
4607	True	9	9
4608	True	9	9
4609	True	9	9
4610	True	9	9
4611	True	9	9
4612	True	9	9
4613	True	9	9
4614	True	9	9
4615	True	9	9
4616	True	9	9
4617	True	9	9
4618	True	9	9
4619	True	9	9
4620	True	9	9
4621	True	9	9
4622	True	9	9
4623	True	9	9
4624	True	9	9
4625	True	9	9
4626	True	9	9
4627	True	9	9
4628	True	9	9
4629	True	9	9
4630	True	9	9
4631	True	9	9
4632	True	9	9
4633	True	9	9
4634	True	9	9
4635	True	9	9
4636	True	9	9
4637	True	9	9
4638	True	9	9
4639	True	9	9
4640	True	9	9
4641	True	9	9
4642	True	9	9
4643	True	9	9
4644	True	9	9
4645	True	9	9
4646	True	9	9
4647	True	9	9
4648	True	9	9
4649	True	9	9
4650	True	9	9
4651	True	9	9
4652	True	9	9
4653	True	9	9
4654	True	9	9
4655	True	9	9
4656	True	9	9
4657	True	9	9
4658	True	9	9
4659	True	9	9
4660	True	9	9
4661	True	9	9
4662	True	9	9
4663	True	9	9
4664	True	9	9
4665	True	9	9
4666	True	9	9
4667	True	9	9
4668	True	9	9
4669	True	9	9
4670	True	9	9
4671	True	9	9
4672	True	9	9
4673	True	9	9
4674	True	9	9
4675	True	9	9
4676	True	9	9
4677	True	9	9
4678	True	9	9
4679	True	9	9
4680	True	9	9
4681	True	9	9
4682	True	9	9
4683	True	9	9
4684	True	9	9
4685	True	9	9
4686	True	9	9
4687	True	9	9
4688	True	9	9
4689	True	9	9
4690	True	9	9
4691	True	9	9
4692	True	9	9
4693	True	9	9
4694	True	9	9
4695	True	9	9
4696	True	9	9
4697	True	9	9
4698	True	9	9
4699	True	9	9
4700	True	9	9
4701	True	9	9
4702	True	9	9
4703	True	9	9
4704	True	9	9
4705	True	9	9
4706	True	9	9
4707	True	9	9
4708	True	9	9
4709	True	9	9
4710	True	9	9
4711	True	9	9
4712	True	9	9
4713	True	9	9
4714	True	9	9
4715	True	9	9
4716	True	9	9
4717	True	9	9
4718	True	9	9
4719	True	9	9
4720	True	9	9
4721	True	9	9
4722	True	9	9
4723	True	9	9
4724	True	9	9
4725	True	9	9
4726	True	9	9
4727	True	9	9
4728	True	9	9
4729	True	9	9
4730	True	9	9
4731	True	9	9
4732	True	9	9
4733	True	9	9
4734	True	9	9
4735	True	9	9
4736	True	9	9
4737	True	9	9
4738	True	9	9
4739	True	9	9
4740	True	9	9
4741	True	9	9
4742	True	9	9
4743	True	9	9
4744	True	9	9
4745	True	9	9
4746	True	9	9
4747	True	9	9
4748	True	9	9
4749	True	9	9
4750	True	9	9
4751	True	9	9
4752	True	9	9
4753	True	9	9
4754	True	9	9
4755	True	9	9
4756	True	9	9
4757	True	9	9
4758	True	9	9
4759	True	9	9
4760	True	9	9
4761	True	9	9
4762	True	9	9
4763	True	9	9
4764	True	9	9
4765	True	9	9
4766	True	9	9
4767	True	9	9
4768	True	9	9
4769	True	9	9
4770	True	9	9
4771	True	9	9
4772	True	9	9
4773	True	9	9
4774	True	9	9
4775	True	9	9
4776	True	9	9
4777	True	9	9
4778	True	9	9
4779	True	9	9
4780	True	9	9
4781	True	9	9
4782	True	9	9
4783	True	9	9
4784	True	9	9
4785	True	9	9
4786	True	9	9
4787	True	9	9
4788	True	9	9
4789	True	9	9
4790	True	9	9
4791	True	9	9
4792	True	9	9
4793	True	9	9
4794	True	9	9
4795	True	9	9
4796	True	9	9
4797	True	9	9
4798	True	9	9
4799	True	9	9
4800	True	9	9
4801	True	9	9
4802	True	9	9
4803	True	9	9
4804	True	9	9
4805	True	9	9
4806	True	9	9
4807	True	9	9
4808	True	9	9
4809	True	9	9
4810	True	9	9
4811	True	9	9
4812	True	9	9
4813	True	9	9
4814	True	9	9
4815	True	9	9
4816	True	9	9
4817	True	9	9
4818	True	9	9
4819	True	9	9
4820	True	9	9
4821	True	9	9
4822	True	9	9
4823	True	9	9
4824	True	9	9
4825	True	9	9
4826	True	9	9
4827	True	9	9
4828	True	9	9
4829	True	9	9
4830	True	9	9
4831	True	9	9
4832	True	9	9
4833	True	9	9
4834	True	9	9
4835	True	9	9
4836	True	9	9
4837	True	9	9
4838	True	9	9
4839	True	9	9
4840	True	9	9
4841	True	9	9
4842	True	9	9
4843	True	9	9
4844	True	9	9
4845	True	9	9
4846	True	9	9
4847	True	9	9
4848	True	9	9
4849	True	9	9
4850	True	9	9
4851	True	9	9
4852	True	9	9
4853	True	9	9
4854	True	9	9
4855	True	9	9
4856	True	9	9
4857	True	9	9
4858	True	9	9
4859	True	9	9
4860	True	9	9
4861	True	9	9
4862	True	9	9
4863	True	9	9
4864	True	9	9
4865	True	9	9
4866	True	9	9
4867	True	9	9
4868	True	9	9
4869	True	9	9
4870	True	9	9
4871	True	9	9
4872	True	9	9
4873	True	9	9
4874	True	9	9
4875	True	9	9
4876	True	9	9
4877	True	9	9
4878	True	9	9
4879	True	9	9
4880	True	9	9
4881	True	9	9
4882	True	9	9
4883	True	9	9
4884	True	9	9
4885	True	9	9
4886	True	9	9
4887	True	9	9
4888	True	9	9
4889	True	9	9
4890	True	9	9
4891	True	9	9
4892	True	9	9
4893	True	9	9
4894	True	9	9
4895	True	9	9
4896	True	9	9
4897	True	9	9
4898	True	9	9
4899	True	9	9
4900	True	9	9
4901	True	9	9
4902	True	9	9
4903	True	9	9
4904	True	9	9
4905	True	9	9
4906	True	9	9
4907	True	9	9
4908	True	9	9
4909	True	9	9
4910	True	9	9
4911	True	9	9
4912	True	9	9
4913	True	9	9
4914	True	9	9
4915	True	9	9
4916	True	9	9
4917	True	9	9
4918	True	9	9
4919	True	9	9
4920	True	9	9
4921	True	9	9
4922	True	9	9
4923	True	9	9
4924	True	9	9
4925	True	9	9
4926	True	9	9
4927	True	9	9
4928	True	9	9
4929	True	9	9
4930	True	9	9
4931	True	9	9
4932	True	9	9
4933	True	9	9
4934	True	9	9
4935	True	9	9
4936	True	9	9
4937	True	9	9
4938	True	9	9
4939	True	9	9
4940	True	9	9
4941	True	9	9
4942	True	9	9
4943	True	9	9
4944	True	9	9
4945	True	9	9
4946	True	9	9
4947	True	9	9
4948	True	9	9
4949	True	9	9
4950	True	9	9
4951	True	9	9
4952	True	9	9
4953	True	9	9
4954	True	9	9
4955	True	9	9
4956	True	9	9
4957	True	9	9
4958	True	9	9
4959	True	9	9
4960	True	9	9
4961	True	9	9
4962	True	9	9
4963	True	9	9
4964	True	9	9
4965	True	9	9
4966	True	9	9
4967	True	9	9
4968	True	9	9
4969	True	9	9
4970	True	9	9
4971	True	9	9
4972	True	9	9
4973	True	9	9
4974	True	9	9
4975	True	9	9
4976	True	9	9
4977	True	9	9
4978	True	9	9
4979	True	9	9
4980	True	9	9
4981	True	9	9
4982	True	9	9
4983	True	9	9
4984	True	9	9
4985	True	9	9
4986	True	9	9
4987	True	9	9
4988	True	9	9
4989	True	9	9
4990	True	9	9
4991	True	9	9
4992	True	9	9
4993	True	9	9
4994	True	9	9
4995	True	9	9
4996	True	9	9
4997	True	9	9
4998	True	9	9
4999	True	9	9
